date,1a. open (EUR),1b. open (USD),2a. high (EUR),2b. high (USD),3a. low (EUR),3b. low (USD),4a. close (EUR),4b. close (USD),5. volume,6. market cap (USD)
2023-01-31,84.179104,91.36,88.4544,96.0,84.133034,91.31,87.76335,95.25,403366.869,403366.869
2023-01-30,87.404004,94.86,88.509684,96.06,81.35962,88.3,84.188318,91.37,987138.227,987138.227
2023-01-29,82.612724,89.66,90.085278,97.77,82.60351,89.65,87.385576,94.84,1268331.01,1268331.01
2023-01-28,81.903246,88.89,82.889144,89.96,80.124944,86.96,82.621938,89.67,392046.681,392046.681
2023-01-27,80.631714,87.51,82.216522,89.23,79.065334,85.81,81.903246,88.89,418850.126,418850.126
2023-01-26,82.354732,89.38,82.889144,89.96,79.995948,86.82,80.640928,87.52,475990.334,475990.334
2023-01-25,80.336866,87.19,84.704302,91.93,78.807342,85.53,82.354732,89.38,529309.147,529309.147
2023-01-24,82.843074,89.91,84.26203,91.45,79.2404,86.0,80.336866,87.19,499687.344,499687.344
2023-01-23,80.696212,87.58,85.87448,93.2,80.631714,87.51,82.83386,89.9,691207.974,691207.974
2023-01-22,81.000274,87.91,82.97207,90.05,79.304898,86.07,80.696212,87.58,501770.041,501770.041
2023-01-21,83.183992,90.28,84.86094,92.1,80.686998,87.57,81.000274,87.91,720620.997,720620.997
2023-01-20,77.591094,84.21,84.234388,91.42,76.4762,83.0,83.183992,90.28,757424.447,757424.447
2023-01-19,76.126068,82.62,77.922798,84.57,75.250738,81.67,77.591094,84.21,484324.341,484324.341
2023-01-18,80.198656,87.04,81.45176,88.4,75.656154,82.11,76.126068,82.62,935842.004,935842.004
2023-01-17,79.185116,85.94,82.363946,89.39,77.876728,84.52,80.180228,87.02,740669.448,740669.448
2023-01-16,80.502718,87.37,82.152024,89.16,77.314674,83.91,79.157474,85.91,750074.107,750074.107
2023-01-15,80.935776,87.84,81.709752,88.68,78.512494,85.21,80.502718,87.37,586627.267,586627.267
2023-01-14,79.461536,86.24,84.059322,91.23,79.166688,85.92,80.935776,87.84,1747194.881,1747194.881
2023-01-13,79.323326,86.09,81.073986,87.99,77.019826,83.59,79.452322,86.23,891288.557,891288.557
2023-01-12,77.471312,84.08,80.80678,87.7,74.6334,81.0,79.323326,86.09,1427276.097,1427276.097
2023-01-11,74.467548,80.82,78.319,85.0,73.601432,79.88,77.471312,84.08,968676.069,968676.069
2023-01-10,75.195454,81.61,76.33799,82.85,73.186802,79.43,74.476762,80.83,847925.336,847925.336
2023-01-09,72.486538,78.67,77.038254,83.61,71.952126,78.09,75.204668,81.62,1179300.917,1179300.917
2023-01-08,70.39496,76.4,72.772172,78.98,69.178712,75.08,72.495752,78.68,626879.182,626879.182
2023-01-07,69.943474,75.91,70.828018,76.87,69.538058,75.47,70.39496,76.4,388687.641,388687.641
2023-01-06,68.41395,74.25,70.560812,76.58,66.727788,72.42,69.943474,75.91,797819.975,797819.975
2023-01-05,69.528844,75.46,70.275178,76.27,67.750542,73.53,68.41395,74.25,562086.168,562086.168
2023-01-04,69.630198,75.57,71.859986,77.99,68.478448,74.32,69.528844,75.46,773197.793,773197.793
2023-01-03,68.87465,74.75,70.505528,76.52,67.833468,73.62,69.630198,75.57,725798.101,725798.101
2023-01-02,65.345688,70.92,71.832344,77.96,64.498,70.0,68.865436,74.74,1056995.281,1056995.281
2023-01-01,64.626996,70.14,65.92617,71.55,63.493674,68.91,65.336474,70.91,497824.424,497824.424
2022-12-31,62.599916,67.94,65.529968,71.12,62.305068,67.62,64.626996,70.14,563994.497,563994.497
2022-12-30,61.420524,66.66,63.318608,68.72,60.849256,66.04,62.599916,67.94,476504.755,476504.755
2022-12-29,61.107248,66.32,62.01022,67.3,60.416198,65.57,61.420524,66.66,498307.656,498307.656
2022-12-28,63.281752,68.68,64.018872,69.48,60.526766,65.69,61.107248,66.32,693169.686,693169.686
2022-12-27,65.207478,70.77,65.548396,71.14,62.443278,67.77,63.272538,68.67,688534.199,688534.199
2022-12-26,63.71481,69.15,66.184162,71.83,63.189612,68.58,65.216692,70.78,724746.003,724746.003
2022-12-25,60.600478,65.77,64.240008,69.72,60.16742,65.3,63.71481,69.15,563485.616,563485.616
2022-12-24,60.58205,65.75,60.85847,66.05,59.946284,65.06,60.591264,65.76,218820.376,218820.376
2022-12-23,61.005894,66.21,61.475808,66.72,59.808074,64.91,60.58205,65.75,387146.613,387146.613
2022-12-22,60.25956,65.4,61.45738,66.7,59.190736,64.24,61.005894,66.21,505782.811,505782.811
2022-12-21,60.406984,65.56,61.586376,66.84,59.531654,64.61,60.25956,65.4,573283.433,573283.433
2022-12-20,58.379904,63.36,61.13489,66.35,58.121912,63.08,60.39777,65.55,850764.015,850764.015
2022-12-19,59.328946,64.39,59.909428,65.02,56.242256,61.04,58.389118,63.37,866072.922,866072.922
2022-12-18,59.789646,64.89,60.775544,65.96,58.075842,63.03,59.310518,64.37,639108.584,639108.584
2022-12-17,61.033536,66.24,62.37878,67.7,57.596714,62.51,59.789646,64.89,1344619.107,1344619.107
2022-12-16,66.737002,72.43,67.778184,73.56,59.891,65.0,61.04275,66.25,1160661.942,1160661.942
2022-12-15,69.372206,75.29,69.538058,75.47,66.06438,71.7,66.727788,72.42,598856.974,598856.974
2022-12-14,71.31636,77.4,72.891954,79.11,68.36788,74.2,69.38142,75.3,911912.129,911912.129
2022-12-13,70.229108,76.22,73.564576,79.84,68.146744,73.96,71.307146,77.39,1018153.938,1018153.938
2022-12-12,70.496314,76.51,70.680594,76.71,67.713686,73.49,70.238322,76.23,656093.652,656093.652
2022-12-11,70.358104,76.36,72.256188,78.42,70.284392,76.28,70.4871,76.5,348230.246,348230.246
2022-12-10,70.312034,76.31,71.371644,77.46,69.694696,75.64,70.358104,76.36,301184.283,301184.283
2022-12-09,72.108764,78.26,72.65239,78.85,69.878976,75.84,70.312034,76.31,621921.168,621921.168
2022-12-08,70.85566,76.9,72.56025,78.75,68.6443,74.5,72.117978,78.27,911785.771,911785.771
2022-12-07,73.61986,79.9,74.08056,80.4,69.5657,75.5,70.846446,76.89,864677.814,864677.814
2022-12-06,73.887066,80.19,75.342878,81.77,71.565138,77.67,73.601432,79.88,802781.092,802781.092
2022-12-05,71.012298,77.07,78.319,85.0,70.781948,76.82,73.887066,80.19,1698312.839,1698312.839
2022-12-04,70.431816,76.44,71.417714,77.51,69.832906,75.79,71.012298,77.07,390998.288,390998.288
2022-12-03,71.804702,77.93,71.988982,78.13,69.510416,75.44,70.459458,76.47,432581.631,432581.631
2022-12-02,71.472998,77.57,71.952126,78.09,69.418276,75.34,71.813916,77.94,582041.35,582041.35
2022-12-01,72.92881,79.15,74.320124,80.66,70.275178,76.27,71.472998,77.57,968244.356,968244.356
2022-11-30,69.851334,75.81,74.522832,80.88,69.491988,75.42,72.938024,79.16,1108600.292,1108600.292
2022-11-29,68.146744,73.96,71.850772,77.98,67.63076,73.4,69.84212,75.8,1214848.559,1214848.559
2022-11-28,69.031288,74.92,69.418276,75.34,64.986342,70.53,68.155958,73.97,1474228.831,1474228.831
2022-11-27,70.468672,76.48,73.085448,79.32,68.32181,74.15,69.031288,74.92,994997.591,994997.591
2022-11-26,68.27574,74.1,73.38951,79.65,68.082246,73.89,70.459458,76.47,1274051.02,1274051.02
2022-11-25,72.495752,78.68,73.61986,79.9,67.381982,73.13,68.27574,74.1,1546973.408,1546973.408
2022-11-24,72.799814,79.01,73.269728,79.52,69.206354,75.11,72.477324,78.66,1698054.062,1698054.062
2022-11-23,65.09691,70.65,77.084324,83.66,64.138654,69.61,72.809028,79.02,3062621.766,3062621.766
2022-11-22,56.518676,61.34,65.714248,71.32,56.269898,61.07,65.106124,70.66,2212093.045,2212093.045
2022-11-21,57.237368,62.12,58.886674,63.91,54.59295,59.25,56.491034,61.31,1219683.801,1219683.801
2022-11-20,58.951172,63.98,59.762004,64.86,55.624918,60.37,57.237368,62.12,738121.307,738121.307
2022-11-19,57.707282,62.63,59.531654,64.61,56.509462,61.33,58.951172,63.98,585835.654,585835.654
2022-11-18,57.670426,62.59,58.9696,64.0,56.739812,61.58,57.698068,62.62,820500.727,820500.727
2022-11-17,52.971286,57.49,58.361476,63.34,52.529014,57.01,57.670426,62.59,1125276.943,1125276.943
2022-11-16,53.4412,58.0,55.459066,60.19,52.261808,56.72,52.971286,57.49,708710.343,708710.343
2022-11-15,52.24338,56.7,54.860156,59.54,52.040672,56.48,53.450414,58.01,785891.462,785891.462
2022-11-14,52.860718,57.37,54.648234,59.31,49.055336,53.24,52.24338,56.7,1455419.171,1455419.171
2022-11-13,55.247144,59.96,55.60649,60.35,51.810322,56.23,52.860718,57.37,585950.814,585950.814
2022-11-12,56.638458,61.47,56.89645,61.75,53.570196,58.14,55.228716,59.94,768579.231,768579.231
2022-11-11,55.799984,60.56,59.356588,64.42,53.911114,58.51,56.656886,61.49,1920110.08,1920110.08
2022-11-10,46.705766,50.69,56.509462,61.33,45.673798,49.57,55.799984,60.56,2070234.582,2070234.582
2022-11-09,53.247706,57.79,55.090506,59.79,43.85864,47.6,46.696552,50.68,2103687.619,2103687.619
2022-11-08,62.120788,67.42,63.466032,68.88,49.792456,54.04,53.275348,57.82,2190119.395,2190119.395
2022-11-07,62.894764,68.26,67.593904,73.36,61.005894,66.21,62.120788,67.42,1392881.038,1392881.038
2022-11-06,63.816164,69.26,65.493112,71.08,62.222142,67.53,62.894764,68.26,805404.064,805404.064
2022-11-05,62.277426,67.59,66.267088,71.92,61.835154,67.11,63.788522,69.23,1110640.601,1110640.601
2022-11-04,56.979376,61.84,64.931058,70.47,56.813524,61.66,62.268212,67.58,1439948.154,1439948.154
2022-11-03,56.15933,60.95,59.651436,64.74,55.37614,60.1,56.979376,61.84,1374836.407,1374836.407
2022-11-02,50.76914,55.1,57.992916,62.94,50.40058,54.7,56.15933,60.95,2104437.286,2104437.286
2022-11-01,50.695428,55.02,51.533902,55.93,50.2163,54.5,50.76914,55.1,350582.944,350582.944
2022-10-31,51.008704,55.36,51.985388,56.42,49.7556,54.0,50.686214,55.01,474531.793,474531.793
2022-10-30,52.142026,56.59,52.9805,57.5,50.419008,54.72,50.99949,55.35,375670.757,375670.757
2022-10-29,50.603288,54.92,53.081854,57.61,50.345296,54.64,52.15124,56.6,551803.761,551803.761
2022-10-28,50.44665,54.75,51.192984,55.56,49.2949,53.5,50.603288,54.92,434316.144,434316.144
2022-10-27,51.948532,56.38,52.234166,56.69,50.2163,54.5,50.44665,54.75,429463.431,429463.431
2022-10-26,51.524688,55.92,53.091068,57.62,51.285124,55.66,51.957746,56.39,516629.568,516629.568
2022-10-25,48.410356,52.54,52.33552,56.8,48.170792,52.28,51.524688,55.92,560410.004,560410.004
2022-10-24,49.792456,54.04,49.93988,54.2,48.014154,52.11,48.410356,52.54,349594.941,349594.941
2022-10-23,48.078652,52.18,49.80167,54.05,47.746948,51.82,49.783242,54.03,251178.625,251178.625
2022-10-22,47.581096,51.64,48.355072,52.48,47.332318,51.37,48.078652,52.18,187151.435,187151.435
2022-10-21,47.194108,51.22,47.737734,51.81,45.646156,49.54,47.571882,51.63,305760.951,305760.951
2022-10-20,46.936116,50.94,48.00494,52.1,46.585984,50.56,47.194108,51.22,271491.392,271491.392
2022-10-19,47.783804,51.86,47.931228,52.02,46.770264,50.76,46.936116,50.94,232758.435,232758.435
2022-10-18,47.77459,51.85,48.09708,52.2,46.76105,50.75,47.783804,51.86,267297.77,267297.77
2022-10-17,47.387602,51.43,48.060224,52.16,47.03747,51.05,47.746948,51.82,219445.145,219445.145
2022-10-16,46.429346,50.39,47.737734,51.81,46.309564,50.26,47.387602,51.43,231209.546,231209.546
2022-10-15,47.26782,51.3,47.608738,51.67,46.309564,50.26,46.429346,50.39,230281.317,230281.317
2022-10-14,47.074326,51.09,48.437998,52.57,46.89926,50.9,47.277034,51.31,320840.529,320840.529
2022-10-13,48.115508,52.22,48.3735,52.5,44.522048,48.32,47.08354,51.1,598879.562,598879.562
2022-10-12,47.931228,52.02,48.815772,52.98,47.54424,51.6,48.124722,52.23,355312.415,355312.415
2022-10-11,48.502496,52.64,48.502496,52.64,47.240178,51.27,47.940442,52.03,325528.77,325528.77
2022-10-10,49.654246,53.89,50.179444,54.46,48.3735,52.5,48.493282,52.63,393032.725,393032.725
2022-10-09,48.640706,52.79,49.746386,53.99,48.548566,52.69,49.66346,53.9,197759.856,197759.856
2022-10-08,48.686776,52.84,49.34097,53.55,48.262932,52.38,48.640706,52.79,244809.681,244809.681
2022-10-07,49.322542,53.53,49.61739,53.85,48.161578,52.27,48.677562,52.83,353877.822,353877.822
2022-10-06,50.326868,54.62,50.72307,55.05,49.147476,53.34,49.322542,53.53,389720.238,389720.238
2022-10-05,50.934992,55.28,50.95342,55.3,49.11062,53.3,50.336082,54.63,340455.979,340455.979
2022-10-04,49.903024,54.16,51.349622,55.73,49.645032,53.88,50.934992,55.28,379502.091,379502.091
2022-10-03,47.746948,51.82,50.068876,54.34,47.4521,51.5,49.912238,54.17,377561.929,377561.929
2022-10-02,48.751274,52.91,49.258044,53.46,47.608738,51.67,47.746948,51.82,245935.517,245935.517
2022-10-01,49.285686,53.49,49.598962,53.83,48.318216,52.44,48.760488,52.92,227981.29,227981.29
2022-09-30,49.727958,53.97,50.76914,55.1,48.705204,52.86,49.276472,53.48,417555.874,417555.874
2022-09-29,49.101406,53.29,49.903024,54.16,48.133936,52.24,49.718744,53.96,415487.402,415487.402
2022-09-28,48.51171,52.65,49.598962,53.83,46.9914,51.0,49.101406,53.29,486979.887,486979.887
2022-09-27,49.239616,53.44,51.285124,55.66,47.72852,51.8,48.51171,52.65,594149.312,594149.312
2022-09-26,48.401142,52.53,49.506822,53.73,47.793018,51.87,49.239616,53.44,462703.227,462703.227
2022-09-25,49.230402,53.43,50.133374,54.41,48.115508,52.22,48.401142,52.53,388583.254,388583.254
2022-09-24,50.888922,55.23,51.561544,55.96,49.000052,53.18,49.230402,53.43,477670.635,477670.635
2022-09-23,49.368612,53.58,50.990276,55.34,47.35996,51.4,50.879708,55.22,628774.838,628774.838
2022-09-22,47.074326,51.09,49.838526,54.09,46.641268,50.62,49.359398,53.57,615045.097,615045.097
2022-09-21,48.207648,52.32,51.156128,55.52,46.281922,50.23,47.074326,51.09,948476.557,948476.557
2022-09-20,48.732846,52.89,49.61739,53.85,46.862404,50.86,48.18922,52.3,740261.769,740261.769
2022-09-19,48.502496,52.64,49.516036,53.74,46.079214,50.01,48.751274,52.91,1189979.555,1189979.555
2022-09-18,53.293776,57.84,53.30299,57.85,48.115508,52.22,48.493282,52.63,524264.696,524264.696
2022-09-17,51.533902,55.93,53.846616,58.44,51.423334,55.81,53.284562,57.83,314150.499,314150.499
2022-09-16,51.92089,56.35,52.492158,56.97,50.317654,54.61,51.55233,55.95,469333.524,469333.524
2022-09-15,55.431424,60.16,56.048762,60.83,51.441762,55.83,51.911676,56.34,696696.515,696696.515
2022-09-14,54.445526,59.09,56.371252,61.18,53.560982,58.13,55.449852,60.18,753407.479,753407.479
2022-09-13,56.564746,61.39,62.176072,67.48,53.745262,58.33,54.45474,59.1,1440002.977,1440002.977
2022-09-12,57.274224,62.16,58.260122,63.23,55.357712,60.08,56.555532,61.38,492838.604,492838.604
2022-09-11,58.306192,63.28,59.402658,64.47,56.509462,61.33,57.274224,62.16,491835.138,491835.138
2022-09-10,56.334396,61.14,59.605366,64.69,55.781556,60.54,58.306192,63.28,643910.358,643910.358
2022-09-09,53.413558,57.97,57.071516,61.94,53.16478,57.7,56.325182,61.13,640028.177,640028.177
2022-09-08,52.805434,57.31,53.99404,58.6,51.653684,56.06,53.404344,57.96,526585.078,526585.078
2022-09-07,49.838526,54.09,53.708406,58.29,48.705204,52.86,52.805434,57.31,791215.198,791215.198
2022-09-06,55.643346,60.39,57.808636,62.74,49.7556,54.0,49.856954,54.11,893919.423,893919.423
2022-09-05,56.11326,60.9,56.785882,61.63,54.59295,59.25,55.643346,60.39,550152.845,550152.845
2022-09-04,55.42221,60.15,56.196186,60.99,54.003254,58.61,56.11326,60.9,416674.079,416674.079
2022-09-03,56.196186,60.99,57.338722,62.23,54.850942,59.53,55.42221,60.15,604642.95,604642.95
2022-09-02,53.063426,57.59,57.5875,62.5,52.049886,56.49,56.196186,60.99,970963.365,970963.365
2022-09-01,49.598962,53.83,53.275348,57.82,49.009266,53.19,53.054212,57.58,746451.633,746451.633
2022-08-31,48.843414,53.01,50.916564,55.26,48.843414,53.01,49.608176,53.84,441087.366,441087.366
2022-08-30,51.395692,55.78,51.82875,56.25,47.737734,51.81,48.843414,53.01,505556.585,505556.585
2022-08-29,49.221188,53.42,52.24338,56.7,48.391928,52.52,51.41412,55.8,635767.414,635767.414
2022-08-28,48.843414,53.01,51.5984,56.0,48.345858,52.47,49.211974,53.41,571920.844,571920.844
2022-08-27,48.548566,52.69,49.276472,53.48,47.571882,51.63,48.843414,53.01,342396.436,342396.436
2022-08-26,52.169668,56.62,53.726834,58.31,47.986512,52.08,48.539352,52.68,663761.061,663761.061
2022-08-25,52.031458,56.47,53.008142,57.53,51.432548,55.82,52.178882,56.63,379154.499,379154.499
2022-08-24,52.61194,57.1,53.155566,57.69,51.192984,55.56,52.022244,56.46,437641.062,437641.062
2022-08-23,52.731722,57.23,53.21085,57.75,49.645032,53.88,52.593512,57.08,562176.705,562176.705
2022-08-22,51.285124,55.66,52.93443,57.45,48.152364,52.26,52.722508,57.22,877776.632,877776.632
2022-08-21,49.856954,54.11,51.5984,56.0,49.57132,53.8,51.294338,55.67,377261.077,377261.077
2022-08-20,49.764814,54.01,51.248268,55.62,48.502496,52.64,49.84774,54.1,651478.682,651478.682
2022-08-19,55.311642,60.03,55.459066,60.19,49.073764,53.26,49.746386,53.99,807381.053,807381.053
2022-08-18,55.763128,60.52,56.878022,61.73,54.666662,59.33,55.302428,60.02,422084.3,422084.3
2022-08-17,56.500248,61.32,59.651436,64.74,54.979938,59.67,55.763128,60.52,718429.134,718429.134
2022-08-16,55.892124,60.66,56.914878,61.77,55.274786,59.99,56.509462,61.33,367330.078,367330.078
2022-08-15,58.167982,63.13,60.185848,65.32,54.952296,59.64,55.901338,60.67,521249.361,521249.361
2022-08-14,58.794534,63.81,60.664976,65.84,57.467718,62.37,58.177196,63.14,453041.878,453041.878
2022-08-13,57.937632,62.88,60.499124,65.66,57.707282,62.63,58.78532,63.8,502527.314,502527.314
2022-08-12,56.979376,61.84,58.121912,63.08,55.892124,60.66,57.937632,62.88,361467.843,361467.843
2022-08-11,56.739812,61.58,58.490472,63.48,56.647672,61.48,56.979376,61.84,451609.23,451609.23
2022-08-10,54.50081,59.15,57.44929,62.35,52.906788,57.42,56.749026,61.59,683606.931,683606.931
2022-08-09,57.670426,62.59,57.919204,62.86,53.62548,58.2,54.510024,59.16,467966.92,467966.92
2022-08-08,56.306754,61.11,59.052526,64.09,56.02112,60.8,57.688854,62.61,403958.239,403958.239
2022-08-07,56.039548,60.82,57.1268,62.0,55.155004,59.86,56.29754,61.1,242432.341,242432.341
2022-08-06,57.559858,62.47,57.661212,62.58,55.7447,60.5,56.048762,60.83,221909.184,221909.184
2022-08-05,54.952296,59.64,57.651998,62.57,54.924654,59.61,57.559858,62.47,487945.255,487945.255
2022-08-04,53.220064,57.76,56.02112,60.8,53.07264,57.6,54.96151,59.65,438458.424,438458.424
2022-08-03,53.496484,58.06,55.403782,60.13,52.24338,56.7,53.229278,57.77,497789.611,497789.611
2022-08-02,54.786444,59.46,55.14579,59.85,52.178882,56.63,53.48727,58.05,499501.827,499501.827
2022-08-01,55.044436,59.74,55.97505,60.75,53.67155,58.25,54.768016,59.44,413407.163,413407.163
2022-07-31,55.680202,60.43,58.066628,63.02,54.924654,59.61,55.044436,59.74,362956.297,362956.297
2022-07-30,55.88291,60.65,59.034098,64.07,55.201074,59.91,55.670988,60.42,571176.572,571176.572
2022-07-29,58.41676,63.4,59.504012,64.58,55.062864,59.76,55.88291,60.65,598391.17,598391.17
2022-07-28,54.3626,59.0,59.236806,64.29,53.459628,58.02,58.425974,63.41,793684.143,793684.143
2022-07-27,49.654246,53.89,54.427098,59.07,48.843414,53.01,54.371814,59.01,536658.831,536658.831
2022-07-26,49.7556,54.0,49.89381,54.15,47.875944,51.96,49.645032,53.88,420584.372,420584.372
2022-07-25,53.800546,58.39,54.381028,59.02,49.654246,53.89,49.7556,54.0,480171.674,480171.674
2022-07-24,51.893248,56.32,55.081292,59.78,51.893248,56.32,53.800546,58.39,353168.581,353168.581
2022-07-23,51.681326,56.09,52.740936,57.24,50.2163,54.5,51.893248,56.32,359887.479,359887.479
2022-07-22,53.468842,58.03,54.528452,59.18,51.1377,55.5,51.681326,56.09,504430.421,504430.421
2022-07-21,52.70408,57.2,54.04011,58.65,50.81521,55.15,53.459628,58.02,495146.27,495146.27
2022-07-20,53.34906,57.9,56.878022,61.73,51.96696,56.4,52.70408,57.2,823588.205,823588.205
2022-07-19,53.984826,58.59,54.943082,59.63,51.441762,55.83,53.34906,57.9,648764.405,648764.405
2022-07-18,51.377264,55.76,54.878584,59.56,50.888922,55.23,53.99404,58.6,704809.589,704809.589
2022-07-17,50.741498,55.07,52.538228,57.02,50.059662,54.33,51.377264,55.76,488379.926,488379.926
2022-07-16,47.691664,51.76,51.192984,55.56,47.055898,51.07,50.750712,55.08,437141.035,437141.035
2022-07-15,47.286248,51.32,48.631492,52.78,46.632054,50.61,47.710092,51.78,544118.253,544118.253
2022-07-14,45.646156,49.54,47.68245,51.75,44.190344,47.96,47.286248,51.32,522186.191,522186.191
2022-07-13,43.600648,47.32,45.821222,49.73,42.762174,46.41,45.664584,49.56,601519.056,601519.056
2022-07-12,44.87218,48.7,45.489518,49.37,43.563792,47.28,43.609862,47.33,466284.497,466284.497
2022-07-11,48.023368,52.12,48.14315,52.25,44.466764,48.26,44.881394,48.71,458088.601,458088.601
2022-07-10,49.838526,54.09,50.741498,55.07,46.66891,50.65,48.023368,52.12,793607.197,793607.197
2022-07-09,47.31389,51.35,50.49272,54.8,47.295462,51.33,49.838526,54.09,369622.829,369622.829
2022-07-08,48.069438,52.17,49.746386,53.99,46.76105,50.75,47.31389,51.35,539059.048,539059.048
2022-07-07,46.401704,50.36,48.502496,52.64,45.858078,49.77,48.05101,52.15,478416.357,478416.357
2022-07-06,45.79358,49.7,47.17568,51.2,45.111744,48.96,46.383276,50.34,369984.007,369984.007
2022-07-05,48.133936,52.24,48.355072,52.48,44.18113,47.95,45.79358,49.7,567147.955,567147.955
2022-07-04,46.936116,50.94,48.309002,52.43,45.79358,49.7,48.152364,52.26,428499.128,428499.128
2022-07-03,46.57677,50.55,48.115508,52.22,45.249954,49.11,46.94533,50.95,319754.383,319754.383
2022-07-02,47.184894,51.21,47.59031,51.65,45.858078,49.77,46.57677,50.55,395349.861,395349.861
2022-07-01,49.608176,53.84,51.856392,56.28,46.106856,50.04,47.166466,51.19,606167.187,606167.187
2022-06-30,49.460752,53.68,49.7556,54.0,46.20821,50.15,49.608176,53.84,505134.988,505134.988
2022-06-29,48.566994,52.71,50.17023,54.45,47.323104,51.36,49.460752,53.68,451898.813,451898.813
2022-06-28,51.497046,55.89,52.5198,57.0,48.437998,52.57,48.539352,52.68,428561.798,428561.798
2022-06-27,52.15124,56.6,54.012468,58.62,50.511148,54.82,51.469404,55.86,397024.694,397024.694
2022-06-26,54.261246,58.89,55.7447,60.5,52.15124,56.6,52.160454,56.61,518719.077,518719.077
2022-06-25,51.46019,55.85,55.062864,59.76,50.299226,54.59,54.252032,58.88,618227.012,618227.012
2022-06-24,51.340408,55.72,52.833076,57.34,50.12416,54.4,51.450976,55.84,730614.764,730614.764
2022-06-23,48.05101,52.15,52.307878,56.77,47.82066,51.9,51.358836,55.74,994973.172,994973.172
2022-06-22,49.322542,53.53,49.34097,53.55,46.447774,50.41,48.032582,52.13,927893.846,927893.846
2022-06-21,48.613064,52.76,51.331194,55.71,47.783804,51.86,49.313328,53.52,1381554.785,1381554.785
2022-06-20,50.03202,54.3,50.465078,54.77,47.277034,51.31,48.622278,52.77,1979924.021,1979924.021
2022-06-19,43.462438,47.17,52.01303,56.45,41.380074,44.91,50.022806,54.29,2451326.02,2451326.02
2022-06-18,43.85864,47.6,44.59576,48.4,38.201244,41.46,43.471652,47.18,1913775.171,1913775.171
2022-06-17,41.27872,44.8,44.623402,48.43,40.919374,44.41,43.85864,47.6,1207287.632,1207287.632
2022-06-16,46.678124,50.66,47.194108,51.22,40.560028,44.02,41.260292,44.78,1636635.976,1636635.976
2022-06-15,42.531824,46.16,46.972972,50.98,38.385524,41.66,46.66891,50.65,2010453.14,2010453.14
2022-06-14,40.0809,43.5,42.8451,46.5,37.13242,40.3,42.52261,46.15,1538135.285,1538135.285
2022-06-13,44.13506,47.9,44.50362,48.3,37.7774,41.0,40.0809,43.5,1585014.73295,1585014.73295
2022-06-12,48.09708,52.2,48.46564,52.6,43.58222,47.3,44.13506,47.9,751665.40626,751665.40626
2022-06-11,52.15124,56.6,53.25692,57.8,47.54424,51.6,48.09708,52.2,588679.33839,588679.33839
2022-06-10,55.46828,60.2,55.65256,60.4,51.22984,55.6,52.24338,56.7,505271.348,505271.348
2022-06-09,56.57396,61.4,57.49536,62.4,54.54688,59.2,55.56042,60.3,295546.594,295546.594
2022-06-08,58.87746,63.9,59.4303,64.5,56.29754,61.1,56.48182,61.3,460948.577,460948.577
2022-06-07,59.4303,64.5,60.3517,65.5,55.37614,60.1,58.78532,63.8,493587.564,493587.564
2022-06-06,58.23248,63.2,61.45738,66.7,57.95606,62.9,59.4303,64.5,374528.282,374528.282
2022-06-05,58.78532,63.8,58.87746,63.9,56.85038,61.7,58.23248,63.2,194186.313,194186.313
2022-06-04,57.67964,62.6,59.33816,64.4,56.48182,61.3,58.69318,63.7,187841.045,187841.045
2022-06-03,59.33816,64.4,59.79886,64.9,56.57396,61.4,57.67964,62.6,281679.966,281679.966
2022-06-02,57.77178,62.7,59.70672,64.8,57.21894,62.1,59.4303,64.5,371742.76,371742.76
2022-06-01,63.02376,68.4,65.05084,70.6,56.85038,61.7,57.77178,62.7,634020.203,634020.203
2022-05-31,63.66874,69.1,64.31372,69.8,61.45738,66.7,63.02376,68.4,445048.542,445048.542
2022-05-30,58.69318,63.7,64.31372,69.8,58.23248,63.2,63.66874,69.1,612046.039,612046.039
2022-05-29,58.14034,63.1,59.33816,64.4,56.94252,61.8,58.60104,63.6,315852.358,315852.358
2022-05-28,56.75824,61.6,58.9696,64.0,56.48182,61.3,58.0482,63.0,336506.622,336506.622
2022-05-27,58.41676,63.4,59.06174,64.1,56.11326,60.9,56.75824,61.6,739704.085,739704.085
2022-05-26,62.83948,68.2,63.48446,68.9,55.65256,60.4,58.5089,63.5,730443.128,730443.128
2022-05-25,64.77442,70.3,66.06438,71.7,62.56306,67.9,62.83948,68.2,414049.811,414049.811
2022-05-24,63.5766,69.0,65.23512,70.8,61.7338,67.0,64.68228,70.2,492877.962,492877.962
2022-05-23,65.97224,71.6,68.1836,74.0,62.93162,68.3,63.66874,69.1,613835.768,613835.768
2022-05-22,64.31372,69.8,66.89364,72.6,63.94516,69.4,66.06438,71.7,290794.185,290794.185
2022-05-21,63.20804,68.6,65.14298,70.7,62.56306,67.9,64.31372,69.8,274675.04,274675.04
2022-05-20,66.43294,72.1,67.7229,73.5,61.45738,66.7,63.20804,68.6,755303.038,755303.038
2022-05-19,60.72026,65.9,66.98578,72.7,59.52244,64.6,66.43294,72.1,690029.823,690029.823
2022-05-18,67.35434,73.1,68.55216,74.4,60.53598,65.7,60.8124,66.0,701726.501,701726.501
2022-05-17,61.91808,67.2,68.09146,73.9,61.82594,67.1,67.44648,73.2,639716.3,639716.3
2022-05-16,65.8801,71.5,65.97224,71.6,59.79886,64.9,62.01022,67.3,577142.751,577142.751
2022-05-15,63.39232,68.8,66.15652,71.8,60.72026,65.9,65.97224,71.6,508046.555,508046.555
2022-05-14,62.47092,67.8,64.77442,70.3,59.15388,64.2,63.48446,68.9,556982.007,556982.007
2022-05-13,59.33816,64.4,67.44648,73.2,58.23248,63.2,62.56306,67.9,1132719.666,1132719.666
2022-05-12,61.45738,66.7,64.40586,69.9,50.12416,54.4,59.4303,64.5,2076325.53921,2076325.53921
2022-05-11,73.80414,80.1,76.29192,82.8,59.15388,64.2,61.36524,66.6,2156656.19047,2156656.19047
2022-05-10,70.21068,76.2,78.319,85.0,67.53862,73.3,73.89628,80.2,1335840.74274,1335840.74274
2022-05-09,86.42732,93.8,87.44086,94.9,69.28928,75.2,70.21068,76.2,1075917.38183,1075917.38183
2022-05-08,86.88802,94.3,88.27012,95.8,84.3081,91.5,86.51946,93.9,441180.21,441180.21
2022-05-07,89.09938,96.7,89.74436,97.4,85.32164,92.6,86.88802,94.3,298037.215,298037.215
2022-05-06,89.19152,96.8,90.66576,98.4,85.59806,92.9,89.09938,96.7,494007.711,494007.711
2022-05-05,97.94482,106.3,98.49766,106.9,87.34872,94.8,89.19152,96.8,586614.195,586614.195
2022-05-04,91.49502,99.3,98.68194,107.1,91.2186,99.0,97.94482,106.3,475753.421,475753.421
2022-05-03,92.78498,100.7,93.42996,101.4,89.74436,97.4,91.58716,99.4,307980.668,307980.668
2022-05-02,91.49502,99.3,93.89066,101.9,90.57362,98.3,92.78498,100.7,330388.68,330388.68
2022-05-01,88.36226,95.9,92.14,100.0,86.98016,94.4,91.49502,99.3,295463.925,295463.925
2022-04-30,92.41642,100.3,93.61424,101.6,86.1509,93.5,88.27012,95.8,343937.913,343937.913
2022-04-29,95.18062,103.3,96.2863,104.5,90.66576,98.4,92.50856,100.4,394065.385,394065.385
2022-04-28,92.69284,100.6,97.48412,105.8,91.86358,99.7,95.18062,103.3,543891.391,543891.391
2022-04-27,90.85004,98.6,93.9828,102.0,90.02078,97.7,92.6007,100.5,295862.61,295862.61
2022-04-26,96.37844,104.6,97.11556,105.4,88.73082,96.3,90.85004,98.6,370089.57,370089.57
2022-04-25,96.37844,104.6,96.65486,104.9,90.57362,98.3,96.37844,104.6,464513.108,464513.108
2022-04-24,96.93128,105.2,97.57626,105.9,95.3649,103.5,96.37844,104.6,188484.103,188484.103
2022-04-23,97.11556,105.4,98.77408,107.2,96.19416,104.4,96.83914,105.1,151820.201,151820.201
2022-04-22,98.40552,106.8,100.15618,108.7,96.47058,104.7,97.11556,105.4,307003.595,307003.595
2022-04-21,103.10466,111.9,105.5003,114.5,97.11556,105.4,98.40552,106.8,374445.22,374445.22
2022-04-20,104.85532,113.8,105.22388,114.2,101.99898,110.7,103.10466,111.9,317572.869,317572.869
2022-04-19,102.55182,111.3,105.22388,114.2,101.90684,110.6,104.85532,113.8,267982.503,267982.503
2022-04-18,100.24832,108.8,102.7361,111.5,96.93128,105.2,102.55182,111.3,433957.577,433957.577
2022-04-17,105.31602,114.3,106.05314,115.1,99.69548,108.2,100.24832,108.8,275657.857,275657.857
2022-04-16,102.2754,111.0,105.86886,114.9,101.44614,110.1,105.31602,114.3,256441.818,256441.818
2022-04-15,98.86622,107.3,104.02606,112.9,98.5898,107.0,102.2754,111.0,303062.025,303062.025
2022-04-14,101.90684,110.6,103.56536,112.4,97.57626,105.9,98.86622,107.3,323593.487,323593.487
2022-04-13,96.65486,104.9,102.09112,110.8,95.73346,103.9,101.8147,110.5,389766.945,389766.945
2022-04-12,94.4435,102.5,97.48412,105.8,93.70638,101.7,96.56272,104.8,298962.751,298962.751
2022-04-11,101.63042,110.3,101.99898,110.7,93.79852,101.8,94.35136,102.4,440456.851,440456.851
2022-04-10,103.84178,112.7,105.5003,114.5,101.354,110.0,101.63042,110.3,201089.865,201089.865
2022-04-09,101.99898,110.7,104.1182,113.0,101.354,110.0,103.84178,112.7,192659.628,192659.628
2022-04-08,105.0396,114.0,106.23742,115.3,100.98544,109.6,101.99898,110.7,361955.502,361955.502
2022-04-07,102.82824,111.6,105.961,115.0,101.44614,110.1,105.13174,114.1,302722.598,302722.598
2022-04-06,113.14792,122.8,113.51648,123.2,102.64396,111.4,102.92038,111.7,609814.446,609814.446
2022-04-05,114.99072,124.8,117.29422,127.3,112.8715,122.5,113.05578,122.7,266800.707,266800.707
2022-04-04,118.67632,128.8,118.76846,128.9,111.67368,121.2,114.99072,124.8,459946.591,459946.591
2022-04-03,115.08286,124.9,119.3213,129.5,113.88504,123.6,118.58418,128.7,304078.019,304078.019
2022-04-02,114.99072,124.8,118.21562,128.3,113.7929,123.5,114.99072,124.8,446188.67,446188.67
2022-04-01,114.16146,123.9,116.46496,126.4,109.73874,119.1,114.99072,124.8,459214.201,459214.201
2022-03-31,120.79554,131.1,122.45406,132.9,111.58154,121.1,114.06932,123.8,925439.976,925439.976
2022-03-30,119.782,130.0,123.55974,134.1,115.91212,125.8,120.79554,131.1,469285.075,469285.075
2022-03-29,117.57064,127.6,121.6248,132.0,117.0178,127.0,119.87414,130.1,402240.888,402240.888
2022-03-28,119.50558,129.7,122.17764,132.6,116.74138,126.7,117.57064,127.6,485087.181,485087.181
2022-03-27,114.99072,124.8,119.59772,129.8,113.51648,123.2,119.50558,129.7,360946.115,360946.115
2022-03-26,114.2536,124.0,115.72784,125.6,112.31866,121.9,114.99072,124.8,222339.521,222339.521
2022-03-25,116.46496,126.4,117.29422,127.3,111.9501,121.5,114.16146,123.9,388911.114,388911.114
2022-03-24,112.8715,122.5,117.66278,127.7,110.568,120.0,116.5571,126.5,494673.517,494673.517
2022-03-23,113.05578,122.7,114.7143,124.5,109.1859,118.5,112.77936,122.4,404116.575,404116.575
2022-03-22,106.97454,116.1,113.97718,123.7,106.51384,115.6,113.05578,122.7,613158.765,613158.765
2022-03-21,105.86886,114.9,107.61952,116.8,104.21034,113.1,106.8824,116.0,414783.622,414783.622
2022-03-20,107.61952,116.8,109.1859,118.5,102.55182,111.3,105.86886,114.9,456736.029,456736.029
2022-03-19,103.01252,111.8,108.08022,117.3,102.64396,111.4,107.61952,116.8,455077.798,455077.798
2022-03-18,101.53828,110.2,104.1182,113.0,99.23478,107.7,103.10466,111.9,362061.811,362061.811
2022-03-17,102.55182,111.3,102.92038,111.7,99.9719,108.5,101.53828,110.2,315598.565,315598.565
2022-03-16,98.49766,106.9,103.38108,112.2,97.29984,105.6,102.64396,111.4,627565.504,627565.504
2022-03-15,97.2077,105.5,100.06404,108.6,94.35136,102.4,98.40552,106.8,455884.752,455884.752
2022-03-14,93.70638,101.7,98.03696,106.4,92.87712,100.8,97.29984,105.6,461259.961,461259.961
2022-03-13,97.2077,105.5,98.95836,107.4,93.0614,101.0,93.70638,101.7,267778.849,267778.849
2022-03-12,96.37844,104.6,99.5112,108.0,96.2863,104.5,97.29984,105.6,273690.902,273690.902
2022-03-11,94.53564,102.6,98.5898,107.0,91.77144,99.6,96.37844,104.6,462322.473,462322.473
2022-03-10,98.49766,106.9,98.68194,107.1,91.6793,99.5,94.4435,102.5,544448.846,544448.846
2022-03-09,92.87712,100.8,100.70902,109.3,92.50856,100.4,98.49766,106.9,548748.759,548748.759
2022-03-08,90.57362,98.3,94.53564,102.6,90.11292,97.8,92.78498,100.7,489539.231,489539.231
2022-03-07,93.15354,101.1,95.73346,103.9,88.63868,96.2,90.66576,98.4,518690.842,518690.842
2022-03-06,96.65486,104.9,97.6684,106.0,92.69284,100.6,93.15354,101.1,312844.282,312844.282
2022-03-05,93.0614,101.0,97.11556,105.4,91.58716,99.4,96.65486,104.9,298763.798,298763.798
2022-03-04,102.92038,111.7,103.84178,112.7,91.2186,99.0,93.0614,101.0,635993.785,635993.785
2022-03-03,101.63042,110.3,104.1182,113.0,99.41906,107.9,102.92038,111.7,638112.361,638112.361
2022-03-02,103.6575,112.5,105.68458,114.7,100.52474,109.1,101.63042,110.3,513465.217,513465.217
2022-03-01,104.76318,113.7,106.8824,116.0,100.80116,109.4,103.6575,112.5,601477.274,601477.274
2022-02-28,94.81206,102.9,104.94746,113.9,93.24568,101.2,104.76318,113.7,574622.74,574622.74
2022-02-27,99.60334,108.1,101.53828,110.2,93.15354,101.1,94.81206,102.9,417924.626,417924.626
2022-02-26,100.61688,109.2,105.961,115.0,98.22124,106.6,99.69548,108.2,456598.44,456598.44
2022-02-25,96.00988,104.2,101.99898,110.7,93.5221,101.5,100.61688,109.2,604602.878,604602.878
2022-02-24,97.02342,105.3,102.2754,111.0,82.926,90.0,95.91774,104.1,1288797.47718,1288797.47718
2022-02-23,98.95836,107.4,102.7361,111.5,96.65486,104.9,97.11556,105.4,432495.97,432495.97
2022-02-22,94.62778,102.7,99.41906,107.9,92.32428,100.2,98.95836,107.4,537388.743,537388.743
2022-02-21,101.90684,110.6,105.5003,114.5,93.9828,102.0,94.71992,102.8,631230.777,631230.777
2022-02-20,106.4217,115.5,106.69812,115.8,99.87976,108.4,101.90684,110.6,468241.931,468241.931
2022-02-19,105.86886,114.9,107.98808,117.2,104.1182,113.0,106.4217,115.5,361933.434,361933.434
2022-02-18,107.15882,116.3,113.88504,123.6,105.13174,114.1,105.86886,114.9,686552.347,686552.347
2022-02-17,117.75492,127.8,118.8606,129.0,105.77672,114.8,107.15882,116.3,535445.236,535445.236
2022-02-16,121.25624,131.6,121.44052,131.8,115.54356,125.4,117.66278,127.7,325088.116,325088.116
2022-02-15,114.80644,124.6,122.17764,132.6,114.16146,123.9,121.1641,131.5,372015.055,372015.055
2022-02-14,115.72784,125.6,117.0178,127.0,111.85796,121.4,114.80644,124.6,311463.001,311463.001
2022-02-13,116.74138,126.7,118.76846,128.9,113.7929,123.5,115.72784,125.6,261891.161,261891.161
2022-02-12,115.72784,125.6,117.57064,127.6,111.30512,120.8,116.74138,126.7,328295.304,328295.304
2022-02-11,123.9283,134.5,124.20472,134.8,114.99072,124.8,115.72784,125.6,536508.563,536508.563
2022-02-10,128.996,140.0,132.49732,143.8,123.4676,134.0,124.02044,134.6,722895.221,722895.221
2022-02-09,123.09904,133.6,129.9174,141.0,121.6248,132.0,129.08814,140.1,615072.437,615072.437
2022-02-08,126.60036,137.4,131.66806,142.9,120.15056,130.4,123.19118,133.7,974024.21,974024.21
2022-02-07,117.4785,127.5,128.90386,139.9,115.175,125.0,126.60036,137.4,694509.795,694509.795
2022-02-06,112.22652,121.8,117.9392,128.0,111.0287,120.5,117.57064,127.6,415141.018,415141.018
2022-02-05,111.76582,121.3,114.06932,123.8,109.46232,118.8,112.13438,121.7,442597.015,442597.015
2022-02-04,102.18326,110.9,111.9501,121.5,100.15618,108.7,111.76582,121.3,649501.138,649501.138
2022-02-03,99.78762,108.3,102.36754,111.1,97.11556,105.4,102.2754,111.0,380748.903,380748.903
2022-02-02,106.05314,115.1,106.8824,116.0,98.86622,107.3,99.78762,108.3,512026.267,512026.267
2022-02-01,100.80116,109.4,107.71166,116.9,99.69548,108.2,105.961,115.0,597661.679,597661.679
2022-01-31,99.9719,108.5,102.55182,111.3,96.10202,104.3,100.8933,109.5,447814.467,447814.467
2022-01-30,102.18326,110.9,103.38108,112.2,98.5898,107.0,100.06404,108.6,276376.291,276376.291
2022-01-29,100.8933,109.5,103.56536,112.4,99.0505,107.5,102.09112,110.8,345775.899,345775.899
2022-01-28,98.40552,106.8,101.354,110.0,96.93128,105.2,100.80116,109.4,463842.238,463842.238
2022-01-27,98.5898,107.0,101.354,110.0,94.71992,102.8,98.49766,106.9,563991.766,563991.766
2022-01-26,99.41906,107.9,107.3431,116.5,96.37844,104.6,98.49766,106.9,774954.382,774954.382
2022-01-25,100.98544,109.6,101.26186,109.9,96.83914,105.1,99.32692,107.8,589373.563,589373.563
2022-01-24,103.47322,112.3,103.47322,112.3,89.8365,97.5,100.8933,109.5,1098206.519,1098206.519
2022-01-23,99.87976,108.4,103.93392,112.8,97.29984,105.6,103.47322,112.3,588082.317,588082.317
2022-01-22,105.5003,114.5,107.8038,117.0,88.73082,96.3,99.87976,108.4,1345786.1907,1345786.1907
2022-01-21,119.41344,129.6,120.79554,131.1,101.16972,109.8,105.5003,114.5,1024703.15234,1024703.15234
2022-01-20,125.49468,136.2,131.66806,142.9,118.67632,128.8,119.50558,129.7,404805.365,404805.365
2022-01-19,130.28596,141.4,131.7602,143.0,122.73048,133.2,125.49468,136.2,437642.165,437642.165
2022-01-18,139.22354,151.1,141.34276,153.4,127.70604,138.6,130.3781,141.5,605404.359,605404.359
2022-01-17,134.89296,146.4,141.80346,153.9,132.77374,144.1,139.31568,151.2,809014.895,809014.895
2022-01-16,135.99864,147.6,137.2886,149.0,131.94448,143.2,134.89296,146.4,323952.665,323952.665
2022-01-15,133.32658,144.7,138.85498,150.7,132.6816,144.0,136.09078,147.7,461786.036,461786.036
2022-01-14,125.95538,136.7,135.16938,146.7,125.12612,135.8,133.32658,144.7,588107.752,588107.752
2022-01-13,130.8388,142.0,131.20736,142.4,124.02044,134.6,125.95538,136.7,462389.154,462389.154
2022-01-12,121.25624,131.6,131.11522,142.3,120.51912,130.8,130.74666,141.9,387745.567,387745.567
2022-01-11,116.64924,126.6,123.0069,133.5,115.81998,125.7,121.25624,131.6,396300.22,396300.22
2022-01-10,120.51912,130.8,121.1641,131.5,111.21298,120.7,116.5571,126.5,621002.30603,621002.30603
2022-01-09,119.22916,129.4,122.17764,132.6,117.66278,127.7,120.61126,130.9,321828.343,321828.343
2022-01-08,121.07196,131.4,124.20472,134.8,114.99072,124.8,119.22916,129.4,450291.35478,450291.35478
2022-01-07,125.21826,135.9,125.7711,136.5,116.00426,125.9,121.07196,131.4,733975.31191,733975.31191
2022-01-06,124.66542,135.3,127.24534,138.1,121.99336,132.4,125.21826,135.9,531427.357,531427.357
2022-01-05,134.9851,146.5,138.21,150.0,119.59772,129.8,124.75756,135.4,601964.057,601964.057
2022-01-04,136.73576,148.4,139.77638,151.7,133.78728,145.2,134.9851,146.5,331705.663,331705.663
2022-01-03,139.22354,151.1,139.31568,151.2,134.5244,146.0,136.8279,148.5,291038.873,291038.873
2022-01-02,138.94712,150.8,141.34276,153.4,136.18292,147.8,139.31568,151.2,228350.087,228350.087
2022-01-01,134.70868,146.2,139.1314,151.0,134.61654,146.1,138.94712,150.8,225155.54,225155.54
2021-12-31,136.27506,147.9,140.69778,152.7,132.40518,143.7,134.80082,146.3,344892.41,344892.41
2021-12-30,134.0637,145.5,138.21,150.0,131.48378,142.7,136.3672,148.0,318121.046,318121.046
2021-12-29,134.15584,145.6,139.1314,151.0,132.58946,143.9,134.0637,145.5,444947.628,444947.628
2021-12-28,143.64626,155.9,143.7384,156.0,133.1423,144.5,134.24798,145.7,679901.014,679901.014
2021-12-27,143.55412,155.8,148.62182,161.3,142.26416,154.4,143.64626,155.9,464363.98,464363.98
2021-12-26,145.39692,157.8,145.94976,158.4,140.60564,152.6,143.46198,155.7,887961.059,887961.059
2021-12-25,148.52968,161.2,150.74104,163.6,144.93622,157.3,145.39692,157.8,456068.094,456068.094
2021-12-24,150.74104,163.6,153.68952,166.8,147.51614,160.1,148.52968,161.2,411411.856,411411.856
2021-12-23,143.18556,155.4,152.21528,165.2,140.9742,153.0,150.74104,163.6,521673.021,521673.021
2021-12-22,142.63272,154.8,147.60828,160.2,140.88206,152.9,143.18556,155.4,414964.85,414964.85
2021-12-21,140.69778,152.7,144.10696,156.4,137.38074,149.1,142.54058,154.7,375493.205,375493.205
2021-12-20,141.15848,153.2,145.02836,157.4,133.78728,145.2,140.60564,152.6,550918.769,550918.769
2021-12-19,136.92004,148.6,148.43754,161.1,135.99864,147.6,141.15848,153.2,738406.682,738406.682
2021-12-18,132.77374,144.1,138.48642,150.3,131.57592,142.8,136.92004,148.6,300448.219,300448.219
2021-12-17,137.19646,148.9,138.48642,150.3,130.10168,141.2,132.77374,144.1,472455.023,472455.023
2021-12-16,141.4349,153.5,144.38338,156.7,136.8279,148.5,137.19646,148.9,434853.361,434853.361
2021-12-15,138.48642,150.3,142.817,155.0,130.56238,141.7,141.52704,153.6,611833.278,611833.278
2021-12-14,133.23444,144.6,139.96066,151.9,131.66806,142.9,138.57856,150.4,511641.769,511641.769
2021-12-13,146.41046,158.9,147.33186,159.9,131.48378,142.7,133.23444,144.6,628722.159,628722.159
2021-12-12,145.5812,158.0,150.09606,162.9,141.15848,153.2,146.5026,159.0,382460.669,382460.669
2021-12-11,136.73576,148.4,146.9633,159.5,134.24798,145.7,145.5812,158.0,558649.677,558649.677
2021-12-10,139.49996,151.4,147.23972,159.8,135.9065,147.5,136.64362,148.3,704610.428,704610.428
2021-12-09,152.21528,165.2,153.96594,167.1,139.22354,151.1,139.40782,151.3,648228.982,648228.982
2021-12-08,149.08252,161.8,156.91442,170.3,143.55412,155.8,152.12314,165.1,890527.252,890527.252
2021-12-07,148.62182,161.3,152.76812,165.8,145.76548,158.2,149.08252,161.8,672241.01,672241.01
2021-12-06,144.01482,156.3,151.5703,164.5,130.19382,141.3,148.62182,161.3,1097434.113,1097434.113
2021-12-05,149.91178,162.7,152.031,165.0,136.3672,148.0,144.01482,156.3,1075867.598,1075867.598
2021-12-04,173.2232,188.0,174.42102,189.3,119.13702,129.3,149.91178,162.7,2758066.76925,2758066.76925
2021-12-03,187.5049,203.5,191.74334,208.1,165.20702,179.3,173.2232,188.0,825086.4,825086.4
2021-12-02,192.29618,208.7,193.58614,210.1,184.18786,199.9,187.5049,203.5,562121.73,562121.73
2021-12-01,191.46692,207.8,200.68092,217.8,188.97914,205.1,192.38832,208.8,674057.314,674057.314
2021-11-30,189.3477,205.5,202.61586,219.9,181.88436,197.4,191.46692,207.8,1032919.457,1032919.457
2021-11-29,183.8193,199.5,193.0333,209.5,179.58086,194.9,189.3477,205.5,810923.688,810923.688
2021-11-28,179.673,195.0,184.18786,199.9,167.6948,182.0,183.8193,199.5,723846.344,723846.344
2021-11-27,180.31798,195.7,185.2014,201.0,175.61884,190.6,179.76514,195.1,524367.982,524367.982
2021-11-26,205.4722,223.0,207.22286,224.9,175.066,190.0,180.31798,195.7,1536691.461,1536691.461
2021-11-25,195.52108,212.2,211.73772,229.8,194.13898,210.7,205.38006,222.9,892094.61,892094.61
2021-11-24,199.20668,216.2,200.58878,217.7,189.71626,205.9,195.52108,212.2,586526.86,586526.86
2021-11-23,192.66474,209.1,201.60232,218.8,188.97914,205.1,199.20668,216.2,709895.649,709895.649
2021-11-22,203.81368,221.2,204.27438,221.7,189.07128,205.2,192.66474,209.1,865031.634,865031.634
2021-11-21,208.97352,226.8,212.65912,230.8,202.33944,219.6,203.72154,221.1,698329.313,698329.313
2021-11-20,200.77306,217.9,209.89492,227.8,195.70536,212.4,208.97352,226.8,841347.754,841347.754
2021-11-19,188.05774,204.1,203.90582,221.3,183.8193,199.5,200.77306,217.9,1040819.801,1040819.801
2021-11-18,211.55344,229.6,214.13336,232.4,183.72716,199.4,188.14988,204.2,1689641.574,1689641.574
2021-11-17,212.29056,230.4,216.89756,235.4,200.49664,217.6,211.55344,229.6,1422751.183,1422751.183
2021-11-16,242.3282,263.0,242.60462,263.3,205.0115,222.5,212.10628,230.2,2396155.13,2396155.13
2021-11-15,257.34702,279.3,259.3741,281.5,238.6426,259.0,242.3282,263.0,1155933.609,1155933.609
2021-11-14,237.44478,257.7,257.71558,279.7,228.87576,248.4,257.34702,279.3,1358747.997,1358747.997
2021-11-13,231.36354,251.1,243.43388,264.2,225.92728,245.2,237.44478,257.7,1167201.211,1167201.211
2021-11-12,241.59108,262.2,260.47978,282.7,224.54518,243.7,231.45568,251.2,2414623.352,2414623.352
2021-11-11,239.84042,260.3,252.64788,274.2,230.8107,250.5,241.68322,262.3,1666490.106,1666490.106
2021-11-10,241.4068,262.0,272.45798,295.7,231.82424,251.6,239.93256,260.4,3733558.8607,3733558.8607
2021-11-09,211.0006,229.0,253.01644,274.6,208.6971,226.5,241.4068,262.0,3256268.81184,3256268.81184
2021-11-08,186.21494,202.1,211.64558,229.7,186.1228,202.0,211.0006,229.0,1380080.247,1380080.247
2021-11-07,182.06864,197.6,186.21494,202.1,181.42366,196.9,186.1228,202.0,351383.08,351383.08
2021-11-06,183.26646,198.9,185.29354,201.1,175.9874,191.0,182.06864,197.6,420636.051,420636.051
2021-11-05,186.67564,202.6,187.32062,203.3,181.23938,196.7,183.26646,198.9,454701.028,454701.028
2021-11-04,191.00622,207.3,191.00622,207.3,180.68654,196.1,186.67564,202.6,592543.494,592543.494
2021-11-03,185.10926,200.9,192.84902,209.3,181.88436,197.4,191.00622,207.3,839855.941,839855.941
2021-11-02,182.06864,197.6,188.79486,204.9,179.76514,195.1,185.10926,200.9,589454.742,589454.742
2021-11-01,176.81666,191.9,185.38568,201.2,173.03892,187.8,182.06864,197.6,656176.592,656176.592
2021-10-31,175.25028,190.2,179.85728,195.2,172.02538,186.7,176.81666,191.9,514684.875,514684.875
2021-10-30,181.23938,196.7,181.79222,197.3,171.93324,186.6,175.25028,190.2,415371.62,415371.62
2021-10-29,174.88172,189.8,183.08218,198.7,173.31534,188.1,181.23938,196.7,581094.6,581094.6
2021-10-28,165.11488,179.2,179.2123,194.5,163.64064,177.6,174.88172,189.8,722390.735,722390.735
2021-10-27,181.9765,197.5,188.887,205.0,157.65154,171.1,165.20702,179.3,1380721.926,1380721.926
2021-10-26,180.1337,195.5,183.72716,199.4,175.34242,190.3,182.06864,197.6,571152.655,571152.655
2021-10-25,175.43456,190.4,181.88436,197.4,174.69744,189.6,180.1337,195.5,435121.822,435121.822
2021-10-24,180.87082,196.3,184.18786,199.9,170.64328,185.2,175.43456,190.4,568204.06,568204.06
2021-10-23,175.9874,191.0,182.4372,198.0,173.86818,188.7,180.87082,196.3,413109.664,413109.664
2021-10-22,181.33152,196.8,185.6621,201.5,173.13106,187.9,175.9874,191.0,731846.105,731846.105
2021-10-21,191.09836,207.4,197.82458,214.7,179.85728,195.2,181.33152,196.8,1129324.235,1129324.235
2021-10-20,173.96032,188.8,192.94116,209.4,171.01184,185.6,191.00622,207.3,1121684.82,1121684.82
2021-10-19,170.9197,185.5,176.54024,191.6,168.70834,183.1,173.96032,188.8,598824.688,598824.688
2021-10-18,169.35332,183.8,172.85464,187.6,164.4699,178.5,171.01184,185.6,591931.083,591931.083
2021-10-17,171.3804,186.0,173.31534,188.1,162.53496,176.4,169.26118,183.7,475002.963,475002.963
2021-10-16,174.78958,189.7,177.46164,192.6,170.459,185.0,171.3804,186.0,576811.605,576811.605
2021-10-15,167.04982,181.3,177.8302,193.0,162.53496,176.4,174.69744,189.6,1143344.438,1143344.438
2021-10-14,163.73278,177.7,172.02538,186.7,162.99566,176.9,167.04982,181.3,746399.181,746399.181
2021-10-13,159.03364,172.6,165.57558,179.7,154.42664,167.6,163.64064,177.6,657952.562,657952.562
2021-10-12,165.11488,179.2,165.11488,179.2,153.22882,166.3,159.03364,172.6,708173.9,708173.9
2021-10-11,161.06072,174.8,170.82756,185.4,158.4808,172.0,165.02274,179.1,679614.987,679614.987
2021-10-10,165.75986,179.9,169.5376,184.0,160.3236,174.0,161.06072,174.8,559785.153,559785.153
2021-10-09,162.07426,175.9,168.52406,182.9,160.69216,174.4,165.75986,179.9,445979.888,445979.888
2021-10-08,164.56204,178.6,168.98476,183.4,160.69216,174.4,162.07426,175.9,697493.034,697493.034
2021-10-07,164.4699,178.5,172.3018,187.0,159.77076,173.4,164.56204,178.6,866672.447,866672.447
2021-10-06,160.04718,173.7,168.6162,183.0,150.92532,163.8,164.4699,178.5,967921.404,967921.404
2021-10-05,154.3345,167.5,161.61356,175.4,153.50524,166.6,160.13932,173.8,622714.612,622714.612
2021-10-04,157.0987,170.5,157.46726,170.9,148.62182,161.3,154.3345,167.5,586624.931,586624.931
2021-10-03,155.62446,168.9,161.245,175.0,152.67598,165.7,157.0987,170.5,437060.787,437060.787
2021-10-02,153.04454,166.1,159.21792,172.8,151.47816,164.4,155.62446,168.9,427845.773,427845.773
2021-10-01,141.15848,153.2,154.88734,168.1,139.22354,151.1,153.13668,166.2,701432.917,701432.917
2021-09-30,133.41872,144.8,142.3563,154.5,132.58946,143.9,141.25062,153.3,505878.24,505878.24
2021-09-29,129.4567,140.5,138.57856,150.4,128.71958,139.7,133.32658,144.7,505249.15568,505249.15568
2021-09-28,133.603,145.0,137.2886,149.0,128.996,140.0,129.54884,140.6,551914.7719,551914.7719
2021-09-27,138.85498,150.7,142.72486,154.9,133.41872,144.8,133.603,145.0,463173.188,463173.188
2021-09-26,139.03926,150.9,141.34276,153.4,130.74666,141.9,138.85498,150.7,837958.065,837958.065
2021-09-25,140.0528,152.0,143.64626,155.9,137.10432,148.8,139.1314,151.0,622457.078,622457.078
2021-09-24,151.01746,163.9,153.50524,166.6,130.47024,141.6,140.14494,152.1,1236046.28455,1236046.28455
2021-09-23,148.71396,161.4,152.031,165.0,144.75194,157.1,151.01746,163.9,559513.522,559513.522
2021-09-22,136.92004,148.6,149.08252,161.8,133.87942,145.3,148.71396,161.4,822665.566,822665.566
2021-09-21,144.84408,157.2,149.54322,162.3,133.32658,144.7,136.8279,148.5,988169.63393,988169.63393
2021-09-20,161.79784,175.6,162.1664,176.0,141.25062,153.3,144.84408,157.2,1300459.67767,1300459.67767
2021-09-19,167.04982,181.3,167.41838,181.7,158.9415,172.5,161.79784,175.6,364865.775,364865.775
2021-09-18,165.852,180.0,171.19612,185.8,163.91706,177.9,167.14196,181.4,372409.224,372409.224
2021-09-17,170.64328,185.2,175.5267,190.5,163.5485,177.5,165.852,180.0,566767.069,566767.069
2021-09-16,174.23674,189.1,180.04156,195.4,167.2341,181.5,170.64328,185.2,935286.231,935286.231
2021-09-15,168.6162,183.0,177.00094,192.1,165.48344,179.6,174.1446,189.0,745508.059,745508.059
2021-09-14,165.29916,179.4,174.1446,189.0,162.25854,176.1,168.70834,183.1,1091279.997,1091279.997
2021-09-13,168.70834,183.1,221.136,240.0,157.28298,170.7,165.29916,179.4,5437062.6741,5437062.6741
2021-09-12,164.56204,178.6,171.56468,186.2,161.33714,175.1,168.6162,183.0,564714.696,564714.696
2021-09-11,160.41574,174.1,171.56468,186.2,159.77076,173.4,164.56204,178.6,551963.071,551963.071
2021-09-10,166.3127,180.5,172.67036,187.4,157.28298,170.7,160.41574,174.1,721100.842,721100.842
2021-09-09,165.57558,179.7,173.77604,188.6,162.6271,176.5,166.3127,180.5,896655.718,896655.718
2021-09-08,164.37776,178.4,174.1446,189.0,155.99302,169.3,165.57558,179.7,1419232.641,1419232.641
2021-09-07,202.15516,219.4,204.45866,221.9,149.35894,162.1,164.4699,178.5,2026882.59263,2026882.59263
2021-09-06,213.94908,232.2,214.04122,232.3,197.91672,214.8,202.15516,219.4,1001710.493,1001710.493
2021-09-05,195.3368,212.0,214.280784,232.56,193.9547,210.5,213.94908,232.2,1007949.97992,1007949.97992
2021-09-04,196.16606,212.9,207.49928,225.2,192.01976,208.4,195.24466,211.9,1448417.53392,1448417.53392
2021-09-03,168.98476,183.4,200.58878,217.7,165.66772,179.8,196.16606,212.9,2071663.63126,2071663.63126
2021-09-02,166.68126,180.9,173.13106,187.9,165.29916,179.4,168.89262,183.3,683639.85445,683639.85445
2021-09-01,158.11224,171.6,168.43192,182.8,155.2559,168.5,166.68126,180.9,692302.294,692302.294
2021-08-31,154.24236,167.4,161.61356,175.4,152.58384,165.6,158.0201,171.5,553621.007,553621.007
2021-08-30,160.69216,174.4,162.6271,176.5,153.4131,166.5,154.15022,167.3,468119.396,468119.396
2021-08-29,161.88998,175.7,168.24764,182.6,159.49434,173.1,160.60002,174.3,547343.58554,547343.58554
2021-08-28,162.35068,176.2,163.17994,177.1,157.83582,171.3,161.79784,175.6,316185.26963,316185.26963
2021-08-27,154.51878,167.7,162.48889,176.35,152.031,165.0,162.35068,176.2,456121.02531,456121.02531
2021-08-26,163.788064,177.76,166.017852,180.18,151.93886,164.9,154.51878,167.7,568905.75324,568905.75324
2021-08-25,159.761546,173.39,164.9306,179.0,155.771884,169.06,163.77885,177.75,617983.0803,617983.0803
2021-08-24,172.283372,186.98,173.812896,188.64,158.71115,172.25,159.789188,173.42,780692.69421,780692.69421
2021-08-23,171.24219,185.85,176.853516,191.94,169.178254,183.61,172.311014,187.01,877311.28336,877311.28336
2021-08-22,165.455798,179.57,174.69744,189.6,164.359332,178.38,171.297474,185.91,935874.98336,935874.98336
2021-08-21,169.159826,183.59,169.979872,184.48,162.645528,176.52,165.511082,179.63,644225.29965,644225.29965
2021-08-20,161.770198,175.57,169.638954,184.11,160.424954,174.11,169.159826,183.59,708140.15383,708140.15383
2021-08-19,153.542096,166.64,162.000548,175.82,149.874924,162.66,161.788626,175.59,682216.29479,682216.29479
2021-08-18,155.34804,168.6,160.821156,174.54,150.114488,162.92,153.55131,166.65,694819.54486,694819.54486
2021-08-17,163.972344,177.96,169.887732,184.38,154.804414,168.01,155.357254,168.61,781038.75082,781038.75082
2021-08-16,170.081226,184.59,174.172242,189.03,162.48889,176.35,163.944702,177.93,898330.4154,898330.4154
2021-08-15,168.413492,182.78,171.88717,186.55,161.410852,175.18,170.09044,184.6,948648.90733,948648.90733
2021-08-14,168.911048,183.32,170.560354,185.11,160.894868,174.62,168.395064,182.76,944596.30069,944596.30069
2021-08-13,152.408774,165.41,170.062798,184.57,151.1096,164.0,168.901834,183.31,1122682.76822,1122682.76822
2021-08-12,157.163198,170.57,165.612436,179.74,148.133478,160.77,152.381132,165.38,987267.21224,987267.21224
2021-08-11,152.381132,165.38,162.230898,176.07,151.321522,164.23,157.19084,170.6,914647.0176,914647.0176
2021-08-10,153.201178,166.27,155.053192,168.28,146.309106,158.79,152.381132,165.38,894686.73503,894686.73503
2021-08-09,137.924366,149.69,157.356692,170.78,133.74121,145.15,153.238034,166.31,1165618.32076,1165618.32076
2021-08-08,143.664688,155.92,145.240282,157.63,135.4458,147.0,137.924366,149.69,700140.23658,700140.23658
2021-08-07,136.302702,147.93,144.097746,156.39,135.501084,147.06,143.664688,155.92,878574.53896,878574.53896
2021-08-06,132.230114,143.51,139.03926,150.9,130.590022,141.73,136.32113,147.95,685973.67511,685973.67511
2021-08-05,131.363998,142.57,133.778066,145.19,125.420968,136.12,132.248542,143.53,615027.38819,615027.38819
2021-08-04,127.604686,138.49,133.1423,144.5,124.886556,135.54,131.363998,142.57,486488.33119,486488.33119
2021-08-03,130.212248,141.32,131.981336,143.24,124.94184,135.6,127.604686,138.49,402821.08451,402821.08451
2021-08-02,129.281634,140.31,134.459902,145.93,127.853464,138.76,130.23989,141.35,419849.68249,419849.68249
2021-08-01,133.00409,144.35,138.007292,149.78,127.190056,138.04,129.281634,140.31,584699.77102,584699.77102
2021-07-31,134.072914,145.51,135.07724,146.6,130.682162,141.83,133.022518,144.37,388737.61543,388737.61543
2021-07-30,130.322816,141.44,134.413832,145.88,125.181404,135.86,134.072914,145.51,605847.24082,605847.24082
2021-07-29,129.438272,140.48,131.7602,143.0,125.81717,136.55,130.322816,141.44,542641.00192,542641.00192
2021-07-28,124.140222,134.73,130.8388,142.0,121.984146,132.39,129.382988,140.42,729936.12774,729936.12774
2021-07-27,120.758684,131.06,124.499568,135.12,117.266578,127.27,124.149436,134.74,607384.02252,607384.02252
2021-07-26,117.607496,127.64,129.429058,140.47,116.87959,126.85,120.758684,131.06,1052092.77379,1052092.77379
2021-07-25,116.0964,126.0,117.929986,127.99,113.802114,123.51,117.644352,127.68,392963.87036,392963.87036
2021-07-24,114.502378,124.27,117.66278,127.7,113.599406,123.29,116.087186,125.99,432891.78019,432891.78019
2021-07-23,111.203766,120.69,114.972292,124.78,107.822228,117.02,114.474736,124.24,404160.06952,404160.06952
2021-07-22,108.513278,117.77,112.4108,122.0,106.523054,115.61,111.185338,120.67,464759.47146,464759.47146
2021-07-21,98.875434,107.31,109.867736,119.24,96.79307,105.05,108.485636,117.74,682039.47283,682039.47283
2021-07-20,104.247196,113.14,106.043926,115.09,95.668962,103.83,98.857006,107.29,766236.24738,766236.24738
2021-07-19,109.794024,119.16,111.25905,120.75,103.030948,111.82,104.237982,113.13,493082.96266,493082.96266
2021-07-18,110.568,120.0,114.29967,124.05,107.094322,116.23,109.803238,119.17,430985.21457,430985.21457
2021-07-17,111.176124,120.66,113.258488,122.92,108.430352,117.68,110.52193,119.95,425298.69428,425298.69428
2021-07-16,115.985832,125.88,117.819418,127.87,110.918132,120.38,111.16691,120.65,422183.01506,422183.01506
2021-07-15,120.758684,131.06,122.665982,133.13,112.346302,121.93,115.967404,125.86,494375.7243,494375.7243
2021-07-14,121.11803,131.45,122.011788,132.42,113.875826,123.59,120.767898,131.07,538916.43958,538916.43958
2021-07-13,122.841048,133.32,124.029654,134.61,119.18309,129.35,121.108816,131.44,454856.67168,454856.67168
2021-07-12,123.725592,134.28,128.76565,139.75,121.458948,131.82,122.896332,133.38,670917.62355,670917.62355
2021-07-11,123.458386,133.99,125.752672,136.48,121.698512,132.08,123.725592,134.28,324968.57149,324968.57149
2021-07-10,123.965156,134.54,126.065948,136.82,120.076848,130.32,123.458386,133.99,365844.86832,365844.86832
2021-07-09,121.726154,132.11,125.17219,135.85,116.0964,126.0,124.002012,134.58,527547.82163,527547.82163
2021-07-08,126.581932,137.38,126.913636,137.74,117.727278,127.77,121.76301,132.15,645442.57112,645442.57112
2021-07-07,127.945604,138.86,131.695702,142.93,126.112018,136.87,126.609574,137.41,520913.20131,520913.20131
2021-07-06,126.932064,137.76,131.511422,142.73,124.94184,135.6,127.954818,138.87,530800.52733,530800.52733
2021-07-05,133.566144,144.96,133.630642,145.03,123.320176,133.84,126.885994,137.71,561680.84949,561680.84949
2021-07-04,129.171066,140.19,136.45934,148.1,126.121232,136.88,133.55693,144.95,443949.92264,443949.92264
2021-07-03,126.112018,136.87,130.258318,141.37,123.992798,134.57,129.152638,140.17,351451.49767,351451.49767
2021-07-02,126.241014,137.01,128.046958,138.97,120.33484,130.6,126.09359,136.85,467041.14947,467041.14947
2021-07-01,132.967234,144.31,132.967234,144.31,123.458386,133.99,126.250228,137.02,539535.2997,539535.2997
2021-06-30,132.893522,144.23,135.390516,146.94,125.319614,136.01,132.921164,144.26,629619.41847,629619.41847
2021-06-29,126.858352,137.68,137.454452,149.18,126.452936,137.24,132.86588,144.2,898148.69711,898148.69711
2021-06-28,122.149998,132.57,128.58137,139.55,119.680646,129.89,126.867566,137.69,703645.47159,703645.47159
2021-06-27,116.842734,126.81,122.242138,132.67,114.861724,124.66,122.17764,132.6,573388.24688,573388.24688
2021-06-26,115.202642,125.03,119.266016,129.44,109.342538,118.67,116.916446,126.89,871924.09227,871924.09227
2021-06-25,124.011226,134.59,127.56783,138.45,114.539234,124.31,115.175,125.0,764515.33892,764515.33892
2021-06-24,118.980382,129.13,126.563504,137.36,113.986394,123.71,124.002012,134.58,660335.54019,660335.54019
2021-06-23,110.282366,119.69,123.23725,133.75,106.412486,115.49,118.95274,129.1,1020444.64312,1020444.64312
2021-06-22,114.603732,124.38,122.573842,133.03,96.673288,104.92,110.236296,119.64,2255757.11457,2255757.11457
2021-06-21,142.697218,154.87,143.2777,155.5,114.170674,123.91,114.677444,124.46,1492819.3793,1492819.3793
2021-06-20,140.522714,152.51,143.904252,156.18,132.45125,143.75,142.706432,154.88,611253.37603,611253.37603
2021-06-19,144.042462,156.33,148.234832,160.88,140.338434,152.31,140.504286,152.49,523073.02283,523073.02283
2021-06-18,153.993582,167.13,154.270002,167.43,139.31568,151.2,144.051676,156.34,800699.30384,800699.30384
2021-06-17,153.468384,166.56,159.77076,173.4,150.013134,162.81,153.947512,167.08,559434.62367,559434.62367
2021-06-16,161.392424,175.16,163.373434,177.31,151.321522,164.23,153.477598,166.57,761479.45263,761479.45263
2021-06-15,165.741432,179.88,166.95768,181.2,158.61901,172.15,161.38321,175.15,654352.05304,654352.05304
2021-06-14,157.42119,170.85,165.842786,179.99,153.265676,166.34,165.750646,179.89,802051.95645,802051.95645
2021-06-13,149.091734,161.81,158.103026,171.59,144.125388,156.42,157.42119,170.85,573493.90783,573493.90783
2021-06-12,150.040776,162.84,151.38602,164.3,142.024596,154.14,149.08252,161.8,653167.31003,653167.31003
2021-06-11,154.961052,168.18,160.120892,173.78,147.93077,160.55,150.031562,162.83,928611.54446,928611.54446
2021-06-10,158.978356,172.54,160.885654,174.61,149.377368,162.12,154.942624,168.16,878866.63371,878866.63371
2021-06-09,148.013696,160.64,159.67862,173.3,140.338434,152.31,158.996784,172.56,1139739.36054,1139739.36054
2021-06-08,149.193088,161.92,151.551872,164.48,133.501646,144.89,148.004482,160.63,1417289.87647,1417289.87647
2021-06-07,162.553388,176.42,167.897508,182.22,147.65435,160.25,149.22073,161.95,1035822.82509,1035822.82509
2021-06-06,159.35613,172.95,165.815144,179.96,158.499228,172.02,162.544174,176.41,677386.36378,677386.36378
2021-06-05,164.433044,178.46,170.910486,185.49,154.168648,167.32,159.346916,172.94,846082.98073,846082.98073
2021-06-04,178.309328,193.52,178.576534,193.81,155.67053,168.95,164.414616,178.44,1130262.18071,1130262.18071
2021-06-03,172.467652,187.18,182.234492,197.78,167.64873,181.95,178.2909,193.5,1079806.82442,1079806.82442
2021-06-02,168.66227,183.05,176.300676,191.34,164.257978,178.27,172.430796,187.14,976844.03214,976844.03214
2021-06-01,173.232414,188.01,177.977624,193.16,162.000548,175.82,168.606986,182.99,1081241.44408,1081241.44408
2021-05-31,157.080272,170.48,173.6839,188.5,150.6489,163.5,173.195558,187.97,1242054.05369,1242054.05369
2021-05-30,151.146456,164.04,166.86554,181.1,142.918354,155.11,157.107914,170.51,1123365.50693,1123365.50693
2021-05-29,163.36422,177.3,173.858966,188.69,145.25871,157.65,151.118814,164.01,1554075.0432,1554075.0432
2021-05-28,179.037234,194.31,183.248032,198.88,152.4917,165.5,163.391862,177.33,2118247.13851,2118247.13851
2021-05-27,183.284888,198.92,192.5726,209.0,166.211346,180.39,179.046448,194.32,1457775.38448,1457775.38448
2021-05-26,169.436246,183.89,188.085382,204.13,165.317588,179.42,183.275674,198.91,1540975.47323,1540975.47323
2021-05-25,170.753848,185.32,179.313654,194.61,154.01201,167.15,169.316464,183.76,1974384.43463,1974384.43463
2021-05-24,131.317928,142.52,170.799918,185.37,128.572156,139.54,170.753848,185.32,2491240.93285,2491240.93285
2021-05-23,155.99302,169.3,162.405964,176.26,108.752842,118.03,131.198146,142.39,3854006.12408,3854006.12408
2021-05-22,165.824358,179.97,169.943016,184.44,148.907454,161.61,156.011448,169.32,1983438.52337,1983438.52337
2021-05-21,194.102124,210.66,201.897168,219.12,144.254384,156.56,165.824358,179.97,2998819.79591,2998819.79591
2021-05-20,171.666034,186.31,207.315,225.0,153.36703,166.45,194.175836,210.74,4269465.92695,4269465.92695
2021-05-19,270.873172,293.98,276.705634,300.31,135.4458,147.0,171.315902,185.93,6731555.34383,6731555.34383
2021-05-18,259.263532,281.38,292.977558,317.97,256.444048,278.32,270.873172,293.98,2558765.69804,2558765.69804
2021-05-17,272.633046,295.89,273.047676,296.34,240.734178,261.27,259.401742,281.53,2079261.84526,2079261.84526
2021-05-16,276.622708,300.22,298.48753,323.95,257.678724,279.66,272.633046,295.89,1693568.12752,1693568.12752
2021-05-15,300.597536,326.24,305.9048,332.0,272.891038,296.17,276.69642,300.3,1486176.50537,1486176.50537
2021-05-14,292.95913,317.95,312.21639,338.85,283.754344,307.96,300.588322,326.23,1482325.51445,1482325.51445
2021-05-13,286.00256,310.4,306.577422,332.73,268.1274,291.0,292.95913,317.95,2979065.55728,2979065.55728
2021-05-12,348.10492,377.8,363.372518,394.37,277.3414,301.0,286.00256,310.4,2537826.91562,2537826.91562
2021-05-11,330.718102,358.93,349.874008,379.72,317.883,345.0,347.92064,377.6,2031121.35038,2031121.35038
2021-05-10,357.291278,387.77,380.989686,413.49,307.452752,333.68,330.681246,358.89,3830553.73813,3830553.73813
2021-05-09,319.882438,347.17,358.4246,389.0,307.296114,333.51,357.31892,387.8,2292100.05852,2292100.05852
2021-05-08,317.781646,344.89,328.644952,356.68,307.7476,334.0,319.81794,347.1,1327716.1907,1327716.1907
2021-05-07,326.654728,354.52,345.0643,374.5,307.130262,333.33,317.781646,344.89,2822668.46597,2822668.46597
2021-05-06,328.046042,356.03,336.246502,364.93,293.0052,318.0,326.792938,354.67,2752093.00755,2752093.00755
2021-05-05,281.248136,305.24,331.704,360.0,276.899128,300.52,328.055256,356.04,3748897.98686,3748897.98686
2021-05-04,271.564222,294.73,301.924352,327.68,248.778,270.0,281.238922,305.23,3939316.56899,3939316.56899
2021-05-03,247.699962,268.83,276.162008,299.72,247.340616,268.44,271.693218,294.87,1427253.57143,1427253.57143
2021-05-02,255.015878,276.77,255.660858,277.47,243.89458,264.7,247.746032,268.88,656429.21428,656429.21428
2021-05-01,249.828396,271.14,256.683612,278.58,245.00026,265.9,255.025092,276.78,759685.23196,759685.23196
2021-04-30,235.242634,255.31,252.076612,273.58,232.754854,252.61,249.819182,271.13,1037748.69625,1037748.69625
2021-04-29,238.1819,258.5,242.226846,262.89,228.654624,248.16,235.242634,255.31,877558.7853,877558.7853
2021-04-28,239.352078,259.77,245.958516,266.94,228.120212,247.58,238.191114,258.51,1014038.43734,1014038.43734
2021-04-27,227.95436,247.4,242.46641,263.15,224.480682,243.63,239.352078,259.77,1114182.69248,1114182.69248
2021-04-26,206.30146,223.9,228.69148,248.2,203.850536,221.24,227.972788,247.42,1236470.27391,1236470.27391
2021-04-25,207.093864,224.76,217.26612,235.8,194.166622,210.73,206.283032,223.88,928460.2198,928460.2198
2021-04-24,222.343034,241.31,222.435174,241.41,203.021276,220.34,207.08465,224.75,1152968.01885,1152968.01885
2021-04-23,232.74564,252.6,236.93801,257.15,190.628446,206.89,222.343034,241.31,2866031.89172,2866031.89172
2021-04-22,237.380282,257.63,266.846654,289.61,220.2146,239.0,232.6535,252.5,2858792.51437,2858792.51437
2021-04-21,240.236622,260.73,255.2278,277.0,231.04105,250.75,237.435566,257.69,1841080.20554,1841080.20554
2021-04-20,240.918458,261.47,251.35792,272.8,215.893234,234.31,240.190552,260.68,2111225.32553,2111225.32553
2021-04-19,251.86469,273.35,262.036946,284.39,230.543494,250.21,240.835532,261.38,1973511.87573,1973511.87573
2021-04-18,277.221618,300.87,280.870362,304.83,212.93554,231.1,251.873904,273.36,3346589.56812,3346589.56812
2021-04-17,284.150546,308.39,309.304766,335.69,273.42545,296.75,277.212404,300.86,2574519.6355,2574519.6355
2021-04-16,263.188696,285.64,292.166726,317.09,244.6317,265.5,284.187402,308.43,3150447.99928,3150447.99928
2021-04-15,256.88632,278.8,268.03526,290.9,245.0924,266.0,263.179482,285.63,1409760.53776,1409760.53776
2021-04-14,246.575854,267.61,260.7562,283.0,234.957,255.0,256.941604,278.86,1989435.79148,1989435.79148
2021-04-13,225.227016,244.44,252.039756,273.54,225.153304,244.36,246.557426,267.59,1931888.55344,1931888.55344
2021-04-12,232.51529,252.35,239.508716,259.94,221.145214,240.01,225.208588,244.42,1370860.1631,1370860.1631
2021-04-11,236.38517,256.55,242.899468,263.62,225.531078,244.77,232.478434,252.31,1890765.80129,1890765.80129
2021-04-10,203.749182,221.13,236.7998,257.0,201.934024,219.16,236.191676,256.34,1859281.88304,1859281.88304
2021-04-09,208.393038,226.17,210.991386,228.99,201.528608,218.72,203.739968,221.12,688918.8215,688918.8215
2021-04-08,201.989308,219.22,210.272694,228.21,199.842446,216.89,208.337754,226.11,1074942.89645,1074942.89645
2021-04-07,218.334944,236.96,223.890986,242.99,194.203478,210.77,201.83267,219.05,2263475.4652,2263475.4652
2021-04-06,204.071672,221.48,225.365226,244.59,196.230558,212.97,218.408656,237.04,2444849.53403,2444849.53403
2021-04-05,186.343936,202.24,207.748058,225.47,182.501698,198.07,204.071672,221.48,1329743.7613,1329743.7613
2021-04-04,179.829638,195.17,188.813288,204.92,177.111508,192.22,186.316294,202.21,565154.10714,565154.10714
2021-04-03,194.820816,211.44,200.837558,217.97,179.53479,194.85,179.884922,195.23,956126.60492,956126.60492
2021-04-02,186.924418,202.87,196.967678,213.77,184.998692,200.78,194.839244,211.46,942970.73038,942970.73038
2021-04-01,181.230166,196.69,188.887,205.0,178.7516,194.0,186.915204,202.86,876741.40869,876741.40869
2021-03-31,180.327194,195.71,183.349386,198.99,172.3018,187.0,181.23938,196.7,698229.63786,698229.63786
2021-03-30,178.502822,193.73,184.362926,200.09,175.379276,190.34,180.354836,195.74,932290.6498,932290.6498
2021-03-29,169.740308,184.22,182.06864,197.6,168.10943,182.45,178.502822,193.73,904774.30423,904774.30423
2021-03-28,169.592884,184.06,172.569006,187.29,165.852,180.0,169.758736,184.24,380545.16211,380545.16211
2021-03-27,169.021616,183.44,171.490968,186.12,163.77885,177.75,169.592884,184.06,475886.83873,475886.83873
2021-03-26,158.047742,171.53,169.371748,183.82,157.964816,171.44,169.03083,183.45,721838.20194,721838.20194
2021-03-25,162.21247,176.05,164.958242,179.03,154.666204,167.86,158.047742,171.53,956666.86464,956666.86464
2021-03-24,171.214548,185.82,181.672438,197.17,158.4808,172.0,162.21247,176.05,1189902.97985,1189902.97985
2021-03-23,171.094766,185.69,174.550016,189.44,166.883968,181.12,171.223762,185.83,638849.27686,638849.27686
2021-03-22,179.977062,195.33,183.3586,199.0,169.924588,184.42,171.076338,185.67,725506.72916,725506.72916
2021-03-21,184.427424,200.16,186.1228,202.0,176.9088,192.0,179.958634,195.31,581731.80679,581731.80679
2021-03-20,184.243144,199.96,189.90054,206.1,183.192748,198.82,184.436638,200.17,473637.43878,473637.43878
2021-03-19,184.022008,199.72,188.887,205.0,180.419334,195.81,184.243144,199.96,536877.41275,536877.41275
2021-03-18,189.771544,205.96,191.88155,208.25,183.478382,199.13,184.00358,199.7,774419.42586,774419.42586
2021-03-17,185.763454,201.61,190.674516,206.94,178.871382,194.13,189.789972,205.98,885644.66746,885644.66746
2021-03-16,184.823626,200.59,189.375342,205.53,176.12561,191.15,185.75424,201.6,1063051.80222,1063051.80222
2021-03-15,197.1796,214.0,205.085212,222.58,182.031784,197.56,184.823626,200.59,1413381.72445,1413381.72445
2021-03-14,208.310112,226.08,210.189768,228.12,197.032176,213.84,197.124316,213.94,806542.74173,806542.74173
2021-03-13,203.44512,220.8,212.133922,230.23,195.98178,212.7,208.291684,226.06,1330663.68103,1330663.68103
2021-03-12,185.542318,201.37,206.605522,224.23,182.814974,198.41,203.481976,220.84,2081683.73697,2081683.73697
2021-03-11,184.547206,200.29,187.541756,203.54,176.015042,191.03,185.533104,201.36,981380.1209,981380.1209
2021-03-10,187.78132,203.8,191.6512,208.0,176.420458,191.47,184.547206,200.29,1422079.58464,1422079.58464
2021-03-09,176.779804,191.86,188.887,205.0,174.070888,188.92,187.790534,203.81,1279698.49896,1279698.49896
2021-03-08,175.75705,190.75,179.930992,195.28,165.465012,179.58,176.77059,191.85,1171979.04352,1171979.04352
2021-03-07,168.487204,182.86,177.129936,192.24,167.92515,182.25,175.75705,190.75,820418.23901,820418.23901
2021-03-06,166.045494,180.21,170.154938,184.67,160.950152,174.68,168.47799,182.85,935959.9679,935959.9679
2021-03-05,166.460124,180.66,169.141398,183.57,155.2559,168.5,166.063922,180.23,1182501.69882,1182501.69882
2021-03-04,172.94678,187.7,179.12016,194.4,162.931162,176.83,166.469338,180.67,1485337.09208,1485337.09208
2021-03-03,164.985884,179.06,181.045886,196.49,162.894306,176.79,172.891496,187.64,1873295.01116,1873295.01116
2021-03-02,162.07426,175.9,170.753848,185.32,157.273766,170.69,165.004312,179.08,1441741.00235,1441741.00235
2021-03-01,152.279778,165.27,162.590244,176.46,150.46462,163.3,162.065046,175.89,1216268.49518,1216268.49518
2021-02-28,158.25045,171.75,159.789188,173.42,140.863632,152.88,152.233708,165.22,1682228.22219,1682228.22219
2021-02-27,156.82228,170.2,166.294272,180.48,153.993582,167.13,158.259664,171.76,1113606.4401,1113606.4401
2021-02-26,165.262304,179.36,168.487204,182.86,149.948636,162.74,156.86835,170.25,2180233.25143,2180233.25143
2021-02-25,167.169602,181.43,189.080494,205.21,161.245,175.0,165.262304,179.36,1961972.0422,1961972.0422
2021-02-24,163.41029,177.35,174.568444,189.46,155.790312,169.08,167.169602,181.43,1827554.60176,1827554.60176
2021-02-23,191.74334,208.1,192.38832,208.8,144.927006,157.29,163.401076,177.34,3669737.32689,3669737.32689
2021-02-22,209.314438,227.17,209.517146,227.39,165.852,180.0,191.946048,208.32,2556958.2216,2556958.2216
2021-02-21,208.945878,226.77,215.404892,233.78,202.763284,220.06,209.277582,227.13,1268407.03046,1268407.03046
2021-02-20,217.86503,236.45,227.622656,247.04,197.198028,214.02,208.83531,226.65,1701950.27455,1701950.27455
2021-02-19,208.770812,226.58,222.905088,241.92,202.763284,220.06,217.9111,236.5,1402427.87852,1402427.87852
2021-02-18,218.731146,237.39,220.380452,239.18,203.6294,221.0,208.780026,226.59,1580820.71,1580820.71
2021-02-17,193.705922,210.23,219.06285,237.75,187.385118,203.37,218.823286,237.49,1839179.97093,1839179.97093
2021-02-16,191.678842,208.03,204.993072,222.48,184.37214,200.1,193.733564,210.26,1660812.39786,1660812.39786
2021-02-15,196.691258,213.47,202.698786,219.99,170.744634,185.31,191.494562,207.83,2173405.17958,2173405.17958
2021-02-14,208.024478,225.77,212.631478,230.77,191.752554,208.11,196.709686,213.49,1765475.48101,1765475.48101
2021-02-13,181.248594,196.71,211.065098,229.07,176.40203,191.45,208.015264,225.76,2843517.28691,2843517.28691
2021-02-12,169.187468,183.62,184.132576,199.84,162.85745,176.75,181.230166,196.69,1946870.34253,1946870.34253
2021-02-11,167.317026,181.59,178.373826,193.59,161.908408,175.72,169.187468,183.62,1664189.0877,1664189.0877
2021-02-10,167.252528,181.52,179.829638,195.17,156.241798,169.57,167.289384,181.56,2781973.96254,2781973.96254
2021-02-09,154.131792,167.28,169.989086,184.49,151.312308,164.22,167.224886,181.49,1981149.12366,1981149.12366
2021-02-08,138.910264,150.76,156.066732,169.38,136.146064,147.76,154.131792,167.28,1894490.90608,1894490.90608
2021-02-07,143.342198,155.57,144.927006,157.29,133.814922,145.23,138.910264,150.76,1259975.92894,1259975.92894
2021-02-06,142.86307,155.05,151.358378,164.27,138.044148,149.82,143.342198,155.57,1879526.24312,1879526.24312
2021-02-05,133.64907,145.05,144.595302,156.93,132.17483,143.45,142.86307,155.05,1572009.29596,1572009.29596
2021-02-04,143.683116,155.94,146.207752,158.68,129.945042,141.03,133.667498,145.07,1766938.56965,1766938.56965
2021-02-03,130.801944,141.96,144.38338,156.7,130.765088,141.92,143.673902,155.93,1820822.28924,1820822.28924
2021-02-02,121.615586,131.99,134.358548,145.82,121.505018,131.87,130.820372,141.98,1884558.49538,1884558.49538
2021-02-01,119.201518,129.37,125.890882,136.63,116.05033,125.95,121.6248,132.0,1167609.37029,1167609.37029
2021-01-31,122.86869,133.35,124.444284,135.06,115.792338,125.67,119.192304,129.36,917993.35191,917993.35191
2021-01-30,124.084938,134.67,125.522322,136.23,117.957628,128.02,122.877904,133.36,1215569.95596,1215569.95596
2021-01-29,122.77655,133.25,134.0637,145.5,121.108816,131.44,124.06651,134.65,2193040.3844,2193040.3844
2021-01-28,112.82543,122.45,125.162976,135.84,111.249836,120.74,122.794978,133.27,1074760.50528,1074760.50528
2021-01-27,124.103366,134.69,124.352144,134.96,108.844982,118.13,112.816216,122.44,1240323.68178,1240323.68178
2021-01-26,126.296298,137.07,128.774864,139.76,117.80099,127.85,124.084938,134.67,1093141.08136,1093141.08136
2021-01-25,129.926614,141.01,136.247418,147.87,125.881668,136.62,126.296298,137.07,1380902.3935,1380902.3935
2021-01-24,126.839924,137.66,131.43771,142.65,123.218822,133.73,129.926614,141.01,917459.85058,917459.85058
2021-01-23,126.83071,137.65,132.239328,143.52,124.43507,135.05,126.849138,137.67,969988.56158,969988.56158
2021-01-22,119.50558,129.7,130.70059,141.85,113.05578,122.7,126.839924,137.66,1979078.0056,1979078.0056
2021-01-21,137.905938,149.67,138.44035,150.25,115.764696,125.64,119.524008,129.72,2176119.47889,2176119.47889
2021-01-20,139.91459,151.85,143.87661,156.15,127.52176,138.4,137.924366,149.69,2037654.31965,2037654.31965
2021-01-19,140.025158,151.97,152.970828,166.02,138.375852,150.18,139.923804,151.86,2288798.47777,2288798.47777
2021-01-18,131.557492,142.78,142.807786,154.99,127.558616,138.44,140.015944,151.96,1644947.14813,1644947.14813
2021-01-17,132.239328,143.52,135.4458,147.0,125.513108,136.22,131.57592,142.8,1379082.3792,1379082.3792
2021-01-16,132.368324,143.66,140.596426,152.59,128.332592,139.28,132.239328,143.52,1784053.82975,1784053.82975
2021-01-15,140.476644,152.46,143.498836,155.74,119.782,130.0,132.35911,143.65,2104225.5121,2104225.5121
2021-01-14,135.805146,147.39,144.558446,156.89,132.26697,143.55,140.5135,152.5,2033762.60027,2033762.60027
2021-01-13,122.951616,133.44,136.791044,148.46,116.00426,125.9,135.795932,147.38,2153426.27798,2153426.27798
2021-01-12,127.964032,138.88,135.316804,146.86,117.9392,128.0,122.933188,133.42,2825579.61257,2825579.61257
2021-01-11,156.693284,170.06,157.319836,170.74,103.84178,112.7,127.954818,138.87,5019816.79975,5019816.79975
2021-01-10,163.336578,177.27,171.223762,185.83,149.137804,161.86,156.702498,170.07,2269705.0446,2269705.0446
2021-01-09,158.738792,172.28,164.74632,178.8,150.46462,163.3,163.327364,177.26,1749781.84973,1749781.84973
2021-01-08,156.03909,169.35,167.621088,181.92,138.21,150.0,158.655866,172.19,2843159.7034,2843159.7034
2021-01-07,155.679744,168.96,166.976108,181.22,148.511252,161.18,156.03909,169.35,2493533.9948,2493533.9948
2021-01-06,146.005044,158.46,156.380008,169.72,142.77093,154.95,155.642888,168.92,1857831.43166,1857831.43166
2021-01-05,143.121062,155.33,150.00392,162.8,135.003528,146.52,145.977402,158.43,1998205.92425,1998205.92425
2021-01-04,148.557322,161.23,160.010324,173.66,128.360234,139.31,143.130276,155.34,3530422.20392,3530422.20392
2021-01-03,126.176516,136.94,151.75458,164.7,124.66542,135.3,148.566536,161.24,3813834.07669,3813834.07669
2021-01-02,116.28068,126.2,130.8388,142.0,113.47041,123.15,126.194944,136.96,2442266.765,2442266.765
2021-01-01,114.456308,124.22,123.439958,133.97,113.230846,122.89,116.317536,126.24,1539801.80815,1539801.80815
2020-12-31,119.837284,130.06,120.10449,130.35,112.392372,121.98,114.447094,124.21,1248723.03424,1248723.03424
2020-12-30,118.67632,128.8,122.647554,133.11,112.991282,122.63,119.82807,130.05,1727676.641,1727676.641
2020-12-29,119.634576,129.84,120.61126,130.9,110.568,120.0,118.67632,128.8,1732248.38409,1732248.38409
2020-12-28,117.782562,127.83,126.609574,137.41,116.437318,126.37,119.625362,129.83,2349842.95502,2349842.95502
2020-12-27,119.422654,129.61,128.507658,139.47,112.300232,121.88,117.828632,127.88,3743173.13001,3743173.13001
2020-12-26,117.699636,127.74,124.564066,135.19,115.119716,124.94,119.422654,129.61,3461075.6473,3461075.6473
2020-12-25,102.395182,111.13,118.519682,128.63,99.677052,108.18,117.736492,127.78,3117913.94898,3117913.94898
2020-12-24,94.406644,102.46,103.491648,112.32,90.80397,98.55,102.395182,111.13,2696980.51697,2696980.51697
2020-12-23,105.325234,114.31,108.071006,117.29,87.744922,95.23,94.39743,102.45,3923591.07434,3923591.07434
2020-12-22,96.267872,104.48,105.620082,114.63,90.61969,98.35,105.334448,114.32,3210319.32528,3210319.32528
2020-12-21,105.583226,114.59,109.32411,118.65,92.425634,100.31,96.24023,104.45,2599527.81365,2599527.81365
2020-12-20,110.42979,119.85,113.525694,123.21,101.132864,109.76,105.574012,114.58,2671305.32839,2671305.32839
2020-12-19,100.745876,109.34,114.474736,124.24,97.032634,105.31,110.42979,119.85,2753360.19971,2753360.19971
2020-12-18,93.052186,100.99,104.007632,112.88,91.439736,99.24,100.745876,109.34,3141671.53609,3141671.53609
2020-12-17,85.634916,92.94,101.16972,109.8,82.926,90.0,93.070614,101.01,4161454.89253,4161454.89253
2020-12-16,74.965104,81.36,86.095616,93.44,72.154834,78.31,85.634916,92.94,2349124.19924,2349124.19924
2020-12-15,75.904932,82.38,78.254502,84.93,74.071346,80.39,74.928248,81.32,1348469.20889,1348469.20889
2020-12-14,75.803578,82.27,76.457772,82.98,72.891954,79.11,75.87729,82.35,1102081.73026,1102081.73026
2020-12-13,70.616096,76.64,77.747732,84.38,69.584128,75.52,75.812792,82.28,1278882.98328,1278882.98328
2020-12-12,66.52508,72.2,71.482212,77.58,66.313158,71.97,70.643738,76.67,872394.12884,872394.12884
2020-12-11,68.893078,74.77,69.187926,75.09,64.378218,69.87,66.52508,72.2,1484095.85234,1484095.85234
2020-12-10,71.325574,77.41,71.555924,77.66,66.810714,72.51,68.82858,74.7,900570.5582,900570.5582
2020-12-09,70.71745,76.75,71.998196,78.14,66.460582,72.13,71.325574,77.41,1378314.59353,1378314.59353
2020-12-08,76.817118,83.37,78.162362,84.83,69.482774,75.41,70.726664,76.76,1230953.86975,1230953.86975
2020-12-07,76.973756,83.54,80.042018,86.87,75.306022,81.73,76.817118,83.37,1145446.47407,1145446.47407
2020-12-06,76.577554,83.11,78.494066,85.19,73.997634,80.31,76.98297,83.55,921046.75996,921046.75996
2020-12-05,73.269728,79.52,77.655592,84.28,72.431254,78.61,76.605196,83.14,1278363.44579,1278363.44579
2020-12-04,82.013814,89.01,82.778576,89.84,71.68492,77.8,73.269728,79.52,1701697.85317,1701697.85317
2020-12-03,81.903246,88.89,84.3081,91.5,78.742844,85.46,82.0046,89.0,1690248.45885,1690248.45885
2020-12-02,78.383498,85.07,83.506482,90.63,76.116854,82.61,81.91246,88.9,2135078.47937,2135078.47937
2020-12-01,80.769924,87.66,85.699414,93.01,73.306584,79.56,78.392712,85.08,3600461.26285,3600461.26285
2020-11-30,72.689246,78.89,81.507044,88.46,70.606882,76.63,80.76071,87.65,2118965.66781,2118965.66781
2020-11-29,66.967352,72.68,74.697898,81.07,65.889314,71.51,72.707674,78.91,1514540.21111,1514540.21111
2020-11-28,63.742452,69.18,69.077358,74.97,62.894764,68.26,66.98578,72.7,1483068.35897,1483068.35897
2020-11-27,65.410186,70.99,67.7229,73.5,60.16742,65.3,63.71481,69.15,1707521.50402,1707521.50402
2020-11-26,75.32445,81.75,76.743406,83.29,59.38423,64.45,65.4194,71.0,3435959.29518,3435959.29518
2020-11-25,82.253378,89.27,83.626264,90.76,71.91527,78.05,75.32445,81.75,1631940.24087,1631940.24087
2020-11-24,82.041456,89.04,86.630028,94.02,77.95044,84.6,82.23495,89.25,2621715.64303,2621715.64303
2020-11-23,76.356418,82.87,83.782902,90.93,74.44912,80.8,82.032242,89.03,2535636.06789,2535636.06789
2020-11-22,80.244726,87.09,81.009488,87.92,71.22422,77.3,76.356418,82.87,2048304.58082,2048304.58082
2020-11-21,76.06157,82.55,81.5439,88.5,73.80414,80.1,80.290796,87.14,2521719.40828,2521719.40828
2020-11-20,75.130956,81.54,78.899482,85.63,73.702786,79.99,76.043142,82.53,2386175.15236,2386175.15236
2020-11-19,67.639974,73.41,76.84476,83.4,65.852458,71.47,75.121742,81.53,2773824.05583,2773824.05583
2020-11-18,70.321248,76.32,71.067582,77.13,62.443278,67.77,67.649188,73.42,2653342.04102,2653342.04102
2020-11-17,68.026962,73.83,70.9478,77.0,65.751104,71.36,70.321248,76.32,2844994.89879,2844994.89879
2020-11-16,57.394006,62.29,68.754868,74.62,57.200512,62.08,68.036176,73.84,2526207.15962,2526207.15962
2020-11-15,58.812962,63.83,59.365802,64.43,56.279112,61.08,57.384792,62.28,685249.75502,685249.75502
2020-11-14,60.775544,65.96,61.107248,66.32,56.785882,61.63,58.83139,63.85,1017826.05829,1017826.05829
2020-11-13,55.947408,60.72,61.420524,66.66,55.412996,60.14,60.775544,65.96,1974381.67036,1974381.67036
2020-11-12,54.620592,59.28,56.039548,60.82,53.07264,57.6,55.947408,60.72,830578.26228,830578.26228
2020-11-11,53.385916,57.94,55.772342,60.53,53.25692,57.8,54.611378,59.27,824536.88147,824536.88147
2020-11-10,54.565308,59.22,54.91544,59.6,52.556656,57.04,53.376702,57.93,639990.21607,639990.21607
2020-11-09,56.2054,61.0,56.997804,61.86,52.860718,57.37,54.574522,59.23,997800.78526,997800.78526
2020-11-08,54.27046,58.9,57.154442,62.03,53.920328,58.52,56.223828,61.02,795875.09498,795875.09498
2020-11-07,58.250908,63.22,59.679078,64.77,52.5198,57.0,54.27046,58.9,1655539.62718,1655539.62718
2020-11-06,54.307316,58.94,58.674752,63.68,54.003254,58.61,58.23248,63.2,1735473.54314,1735473.54314
2020-11-05,50.40058,54.7,55.035222,59.73,50.326868,54.62,54.31653,58.95,1366335.62939,1366335.62939
2020-11-04,49.718744,53.96,50.898136,55.24,47.535026,51.59,50.372938,54.67,801009.79133,801009.79133
2020-11-03,49.589748,53.82,50.096518,54.37,47.111182,51.13,49.718744,53.96,672320.16238,672320.16238
2020-11-02,51.22984,55.6,52.372376,56.84,48.843414,53.01,49.57132,53.8,700498.4928,700498.4928
2020-11-01,51.312766,55.69,51.773466,56.19,49.820098,54.07,51.22984,55.6,369373.81151,369373.81151
2020-10-31,49.774028,54.02,52.0591,56.5,49.38704,53.6,51.340408,55.72,593903.97546,593903.97546
2020-10-30,50.566432,54.88,51.395692,55.78,48.09708,52.2,49.764814,54.01,706074.89769,706074.89769
2020-10-29,51.377264,55.76,52.123598,56.57,49.175118,53.37,50.557218,54.87,798253.73442,798253.73442
2020-10-28,53.34906,57.9,55.79077,60.55,50.409794,54.71,51.386478,55.77,1227549.68318,1227549.68318
2020-10-27,52.33552,56.8,54.417884,59.06,52.022244,56.46,53.358274,57.91,846699.37035,846699.37035
2020-10-26,54.205962,58.83,54.648234,59.31,50.621716,54.94,52.353948,56.82,937505.27029,937505.27029
2020-10-25,54.565308,59.22,55.284,60.0,52.086742,56.53,54.215176,58.84,907068.98603,907068.98603
2020-10-24,51.054774,55.41,54.952296,59.64,50.520362,54.83,54.574522,59.23,945746.17086,945746.17086
2020-10-23,50.07809,54.35,52.5198,57.0,48.852628,53.02,51.063988,55.42,1079055.89232,1079055.89232
2020-10-22,48.815772,52.98,51.884034,56.31,48.806558,52.97,50.07809,54.35,1405890.00408,1405890.00408
2020-10-21,43.195232,46.88,50.677,55.0,43.16759,46.85,48.815772,52.98,1425655.0175,1425655.0175
2020-10-20,44.217986,47.99,44.651044,48.46,42.716104,46.36,43.195232,46.88,399254.84677,399254.84677
2020-10-19,43.803356,47.54,44.632616,48.44,43.12152,46.8,44.217986,47.99,316808.83163,316808.83163
2020-10-18,43.232088,46.92,44.208772,47.98,43.103092,46.78,43.803356,47.54,164733.27305,164733.27305
2020-10-17,43.867854,47.61,43.895496,47.64,42.642392,46.28,43.241302,46.93,222964.85752,222964.85752
2020-10-16,45.627728,49.52,45.922576,49.84,42.01584,45.6,43.85864,47.6,603775.07786,603775.07786
2020-10-15,45.876506,49.79,46.291136,50.24,44.96432,48.8,45.636942,49.53,349966.03743,349966.03743
2020-10-14,45.97786,49.9,47.028256,51.04,45.397378,49.27,45.876506,49.79,381873.31223,381873.31223
2020-10-13,46.604412,50.58,46.724194,50.71,44.96432,48.8,45.968646,49.89,468445.05222,468445.05222
2020-10-12,46.512272,50.48,47.4521,51.5,45.369736,49.24,46.604412,50.58,622150.70858,622150.70858
2020-10-11,45.047246,48.89,47.240178,51.27,44.835324,48.66,46.512272,50.48,393329.63182,393329.63182
2020-10-10,44.024492,47.78,46.493844,50.46,44.006064,47.76,45.038032,48.88,426163.73877,426163.73877
2020-10-09,43.499294,47.21,44.41148,48.2,42.928026,46.59,44.024492,47.78,402514.89168,402514.89168
2020-10-08,42.900384,46.56,43.7665,47.5,41.87763,45.45,43.499294,47.21,412581.66491,412581.66491
2020-10-07,42.393614,46.01,43.268944,46.96,41.481428,45.02,42.89117,46.55,384596.71962,384596.71962
2020-10-06,42.70689,46.35,44.45755,48.25,41.942128,45.52,42.375186,45.99,650720.47185,650720.47185
2020-10-05,43.010952,46.68,43.379512,47.08,41.951342,45.53,42.697676,46.34,288147.27514,288147.27514
2020-10-04,41.9237,45.5,43.370298,47.07,41.720992,45.28,43.020166,46.69,257423.66188,257423.66188
2020-10-03,41.352432,44.88,42.356758,45.97,41.205008,44.72,41.932914,45.51,225825.74372,225825.74372
2020-10-02,42.61475,46.25,43.278158,46.97,39.795266,43.19,41.352432,44.88,518670.86558,518670.86558
2020-10-01,42.623964,46.26,44.651044,48.46,41.674922,45.23,42.61475,46.25,691422.81613,691422.81613
2020-09-30,42.089552,45.68,43.02938,46.7,41.868416,45.44,42.605536,46.24,294138.00474,294138.00474
2020-09-29,41.674922,45.23,42.24619,45.85,41.41693,44.95,42.098766,45.69,314875.69765,314875.69765
2020-09-28,42.43047,46.05,43.434796,47.14,41.27872,44.8,41.674922,45.23,500347.34059,500347.34059
2020-09-27,42.393614,46.01,42.955668,46.62,41.057584,44.56,42.43047,46.05,299821.64354,299821.64354
2020-09-26,42.393614,46.01,42.900384,46.56,41.573568,45.12,42.412042,46.03,239828.37016,239828.37016
2020-09-25,41.389288,44.92,42.918812,46.58,40.513958,43.97,42.402828,46.02,417026.33099,417026.33099
2020-09-24,39.610986,42.99,41.730206,45.29,39.214784,42.56,41.389288,44.92,385922.04928,385922.04928
2020-09-23,40.974658,44.47,41.591996,45.14,38.92915,42.25,39.583344,42.96,416831.71649,416831.71649
2020-09-22,39.776838,43.17,41.269506,44.79,39.38985,42.75,40.974658,44.47,334632.72915,334632.72915
2020-09-21,43.39794,47.1,43.895496,47.64,38.321026,41.59,39.767624,43.16,724381.66742,724381.66742
2020-09-20,44.697114,48.51,44.697114,48.51,42.52261,46.15,43.388726,47.09,309678.11312,309678.11312
2020-09-19,44.715542,48.53,45.176242,49.03,44.171916,47.94,44.706328,48.52,225043.69543,225043.69543
2020-09-18,45.01039,48.85,45.213098,49.07,43.711216,47.44,44.724756,48.54,322351.62539,322351.62539
2020-09-17,44.006064,47.76,45.765938,49.67,43.895496,47.64,45.01039,48.85,412392.29057,412392.29057
2020-09-16,44.494406,48.29,44.91825,48.75,43.222874,46.91,44.006064,47.76,409293.57783,409293.57783
2020-09-15,45.222312,49.08,46.410918,50.37,44.31934,48.1,44.512834,48.31,615374.46932,615374.46932
2020-09-14,44.383838,48.17,45.74751,49.65,43.407154,47.11,45.222312,49.08,493683.75375,493683.75375
2020-09-13,46.825548,50.82,47.028256,51.04,43.545364,47.26,44.36541,48.15,458828.41821,458828.41821
2020-09-12,45.10253,48.95,47.277034,51.31,44.577332,48.38,46.80712,50.8,451949.52403,451949.52403
2020-09-11,44.82611,48.65,45.692226,49.59,43.646718,47.37,45.111744,48.96,367092.22089,367092.22089
2020-09-10,44.061348,47.82,45.56323,49.45,44.015278,47.77,44.844538,48.67,474471.86038,474471.86038
2020-09-09,43.738858,47.47,44.973534,48.81,42.863528,46.52,44.061348,47.82,378772.50759,378772.50759
2020-09-08,45.01039,48.85,45.47109,49.35,42.365972,45.98,43.738858,47.47,760182.50564,760182.50564
2020-09-07,44.162702,47.93,45.314452,49.18,41.665708,45.22,45.001176,48.84,826692.56519,826692.56519
2020-09-06,44.061348,47.82,45.37895,49.25,42.642392,46.28,44.153488,47.92,653592.78694,653592.78694
2020-09-05,46.374062,50.33,47.286248,51.32,41.656494,45.21,44.070562,47.83,1350657.16967,1350657.16967
2020-09-04,43.563792,47.28,48.262932,52.38,42.605536,46.24,46.364848,50.32,1476516.48212,1476516.48212
2020-09-03,53.505698,58.07,54.012468,58.62,41.767062,45.33,43.563792,47.28,1324245.74096,1324245.74096
2020-09-02,57.753352,62.68,58.223266,63.19,51.893248,56.32,53.496484,58.06,934006.30005,934006.30005
2020-09-01,56.150116,60.94,59.255234,64.31,54.998366,59.69,57.762566,62.69,972744.47944,972744.47944
2020-08-31,57.946846,62.89,58.69318,63.7,55.753914,60.51,56.131688,60.92,680146.78621,680146.78621
2020-08-30,52.47373,56.95,58.00213,62.95,52.455302,56.93,57.946846,62.89,839317.10194,839317.10194
2020-08-29,52.851504,57.36,53.607052,58.18,52.455302,56.93,52.492158,56.97,408492.18575,408492.18575
2020-08-28,51.708968,56.12,53.699192,58.28,50.981062,55.33,52.869932,57.38,644522.18905,644522.18905
2020-08-27,53.542554,58.11,54.583736,59.24,49.672674,53.91,51.69054,56.1,975870.10827,975870.10827
2020-08-26,53.745262,58.33,54.45474,59.1,52.538228,57.02,53.53334,58.1,663386.26018,663386.26018
2020-08-25,57.154442,62.03,57.394006,62.29,52.15124,56.6,53.754476,58.34,1171220.25124,1171220.25124
2020-08-24,55.799984,60.56,58.057414,63.01,55.256358,59.97,57.145228,62.02,687323.05849,687323.05849
2020-08-23,55.477494,60.21,56.785882,61.63,53.450414,58.01,55.79077,60.55,629697.6774,629697.6774
2020-08-22,54.528452,59.18,55.781556,60.54,53.220064,57.76,55.477494,60.21,735637.16639,735637.16639
2020-08-21,57.86392,62.8,58.87746,63.9,54.150678,58.77,54.54688,59.2,1054292.68684,1054292.68684
2020-08-20,57.200512,62.08,58.674752,63.68,56.2054,61.0,57.86392,62.8,867577.35764,867577.35764
2020-08-19,60.277988,65.42,61.87201,67.15,54.113822,58.73,57.237368,62.12,1699324.38729,1699324.38729
2020-08-18,61.936508,67.22,62.996118,68.37,58.389118,63.37,60.25956,65.4,1562910.41383,1562910.41383
2020-08-17,58.868246,63.89,63.466032,68.88,56.518676,61.34,61.936508,67.22,1790813.80276,1790813.80276
2020-08-16,55.14579,59.85,59.52244,64.6,53.25692,57.8,58.849818,63.87,1576897.59255,1576897.59255
2020-08-15,52.317092,56.78,56.085618,60.87,52.01303,56.45,55.14579,59.85,1137795.12262,1137795.12262
2020-08-14,52.648796,57.14,53.30299,57.85,51.432548,55.82,52.317092,56.78,728312.30047,728312.30047
2020-08-13,50.253156,54.54,52.79622,57.3,47.783804,51.86,52.648796,57.14,837109.90719,837109.90719
2020-08-12,49.856954,54.11,50.72307,55.05,47.49817,51.55,50.234728,54.52,645092.49922,645092.49922
2020-08-11,53.689978,58.27,54.979938,59.67,48.253718,52.37,49.84774,54.1,887598.71928,887598.71928
2020-08-10,52.482944,56.96,54.73116,59.4,51.948532,56.38,53.689978,58.27,651148.79465,651148.79465
2020-08-09,53.865044,58.46,54.058538,58.67,51.5984,56.0,52.482944,56.96,368846.69372,368846.69372
2020-08-08,52.694866,57.19,53.94797,58.55,52.022244,56.46,53.865044,58.46,428217.7033,428217.7033
2020-08-07,54.390242,59.03,56.279112,61.08,50.225514,54.51,52.676438,57.17,897911.44061,897911.44061
2020-08-06,54.252032,58.88,55.910552,60.68,53.155566,57.69,54.390242,59.03,822577.34534,822577.34534
2020-08-05,53.091068,57.62,55.072078,59.77,52.271022,56.73,54.252032,58.88,716365.47473,716365.47473
2020-08-04,53.911114,58.51,54.933868,59.62,51.837964,56.26,53.081854,57.61,625555.61417,625555.61417
2020-08-03,52.307878,56.77,55.311642,60.03,51.331194,55.71,53.883472,58.48,825040.86283,825040.86283
2020-08-02,56.80431,61.65,60.047638,65.17,47.719306,51.79,52.307878,56.77,1811190.59194,1811190.59194
2020-08-01,53.560982,58.13,57.338722,62.23,53.02657,57.55,56.80431,61.65,1209772.30685,1209772.30685
2020-07-31,52.271022,56.73,54.602164,59.26,51.395692,55.78,53.560982,58.13,656214.79104,656214.79104
2020-07-30,50.833638,55.17,54.003254,58.61,49.672674,53.91,52.28945,56.75,1024240.96809,1024240.96809
2020-07-29,51.377264,55.76,52.492158,56.97,50.35451,54.65,50.824424,55.16,827762.01759,827762.01759
2020-07-28,49.101406,53.29,53.367488,57.92,47.59031,51.65,51.36805,55.75,1524796.93339,1524796.93339
2020-07-27,44.291698,48.07,51.441762,55.83,43.16759,46.85,49.092192,53.28,1501022.7139,1501022.7139
2020-07-26,45.296024,49.16,46.797906,50.79,43.757286,47.49,44.31934,48.1,895757.19561,895757.19561
2020-07-25,40.652168,44.12,45.627728,49.52,40.569242,44.03,45.296024,49.16,908436.85403,908436.85403
2020-07-24,41.398502,44.93,41.426144,44.96,40.477102,43.93,40.642954,44.11,246802.56871,246802.56871
2020-07-23,41.426144,44.96,42.043482,45.63,41.020728,44.52,41.407716,44.94,432494.11351,432494.11351
2020-07-22,40.329678,43.77,41.573568,45.12,39.80448,43.2,41.426144,44.96,335459.88539,335459.88539
2020-07-21,38.643516,41.94,40.642954,44.11,38.579018,41.87,40.329678,43.77,314440.37624,314440.37624
2020-07-20,39.29771,42.65,39.426706,42.79,38.118318,41.37,38.643516,41.94,180313.88112,180313.88112
2020-07-19,39.11343,42.45,39.518846,42.89,38.542162,41.83,39.288496,42.64,195427.40326,195427.40326
2020-07-18,38.588232,41.88,39.52806,42.9,38.450022,41.73,39.11343,42.45,171429.48278,171429.48278
2020-07-17,38.781726,42.09,39.150286,42.49,38.440808,41.72,38.60666,41.9,201904.6002,201904.6002
2020-07-16,39.933476,43.34,40.071686,43.49,37.63919,40.85,38.781726,42.09,389747.37081,389747.37081
2020-07-15,40.431032,43.88,40.596884,44.06,39.445134,42.81,39.924262,43.33,216931.7592,216931.7592
2020-07-14,40.458674,43.91,40.624526,44.09,39.491204,42.86,40.431032,43.88,246958.9888,246958.9888
2020-07-13,41.205008,44.72,42.006626,45.59,38.984434,42.31,40.467888,43.92,445103.8423,445103.8423
2020-07-12,41.168152,44.68,41.73942,45.3,40.26518,43.7,41.18658,44.7,245471.12147,245471.12147
2020-07-11,40.836448,44.32,41.251078,44.77,40.40339,43.85,41.177366,44.69,186318.68972,186318.68972
2020-07-10,40.854876,44.34,41.131296,44.64,40.025616,43.44,40.81802,44.3,256685.44543,256685.44543
2020-07-09,41.78549,45.35,42.264618,45.87,40.145398,43.57,40.845662,44.33,413268.76529,413268.76529
2020-07-08,39.979546,43.39,42.034268,45.62,39.71234,43.1,41.78549,45.35,537390.40825,537390.40825
2020-07-07,40.606098,44.07,40.993086,44.49,39.675484,43.06,39.979546,43.39,307753.44376,307753.44376
2020-07-06,38.311812,41.58,40.827234,44.31,38.2381,41.5,40.596884,44.06,368489.71516,368489.71516
2020-07-05,38.800154,42.11,38.88308,42.2,37.54705,40.75,38.311812,41.58,235045.82858,235045.82858
2020-07-04,37.897182,41.13,38.910722,42.23,37.832684,41.06,38.800154,42.11,239298.32793,239298.32793
2020-07-03,37.805042,41.03,38.42238,41.7,37.676046,40.89,37.906396,41.14,190294.77564,190294.77564
2020-07-02,38.477664,41.76,38.60666,41.9,37.113992,40.28,37.82347,41.05,274520.05417,274520.05417
2020-07-01,37.924824,41.16,38.708014,42.01,37.740544,40.96,38.486878,41.77,189759.33668,189759.33668
2020-06-30,38.579018,41.87,38.763298,42.07,37.528622,40.73,37.934038,41.17,170712.36761,170712.36761
2020-06-29,38.118318,41.37,38.966006,42.29,37.399626,40.59,38.579018,41.87,323346.172,323346.172
2020-06-28,37.814256,41.04,38.74487,42.05,37.298272,40.48,38.118318,41.37,169011.98685,169011.98685
2020-06-27,39.71234,43.1,39.730768,43.12,36.035954,39.11,37.832684,41.06,301504.6343,301504.6343
2020-06-26,39.012076,42.34,40.17304,43.6,38.118318,41.37,39.703126,43.09,348389.34208,348389.34208
2020-06-25,39.29771,42.65,39.6202,43.0,38.403952,41.68,39.02129,42.35,241972.00632,241972.00632
2020-06-24,40.707452,44.18,41.177366,44.69,38.79094,42.1,39.29771,42.65,357937.97223,357937.97223
2020-06-23,40.81802,44.3,40.993086,44.49,40.440246,43.89,40.707452,44.18,219437.96099,219437.96099
2020-06-22,39.6202,43.0,41.158938,44.67,39.564916,42.94,40.81802,44.3,281907.39739,281907.39739
2020-06-21,40.145398,43.57,40.384962,43.83,39.509632,42.88,39.6202,43.0,159632.6785,159632.6785
2020-06-20,39.518846,42.89,40.40339,43.85,38.892294,42.21,40.145398,43.57,202428.9463,202428.9463
2020-06-19,40.016402,43.43,40.292822,43.73,39.223998,42.57,39.518846,42.89,304810.97536,304810.97536
2020-06-18,40.606098,44.07,40.753522,44.23,39.509632,42.88,40.016402,43.43,193534.98938,193534.98938
2020-06-17,40.44946,43.9,41.499856,45.04,39.6202,43.0,40.606098,44.07,324893.86142,324893.86142
2020-06-16,40.292822,43.73,40.744308,44.22,39.924262,43.33,40.431032,43.88,215557.59073,215557.59073
2020-06-15,40.578456,44.04,40.624526,44.09,38.46845,41.75,40.292822,43.73,355287.54016,355287.54016
2020-06-14,41.545926,45.09,41.564354,45.11,40.108542,43.53,40.58767,44.05,170082.74029,170082.74029
2020-06-13,41.205008,44.72,41.665708,45.22,40.790378,44.27,41.536712,45.08,151582.80518,151582.80518
2020-06-12,39.822908,43.22,41.794704,45.36,39.445134,42.81,41.205008,44.72,236934.18593,236934.18593
2020-06-11,42.964882,46.63,43.268944,46.96,38.6988,42.0,39.822908,43.22,538636.15983,538636.15983
2020-06-10,42.283046,45.89,43.480866,47.19,42.06191,45.65,42.964882,46.63,319582.73016,319582.73016
2020-06-09,42.79903,46.45,43.158376,46.84,41.748634,45.31,42.264618,45.87,219681.6354,219681.6354
2020-06-08,42.93724,46.6,43.112306,46.79,42.33833,45.95,42.780602,46.43,220499.06993,220499.06993
2020-06-07,43.112306,46.79,43.287372,46.98,41.518284,45.06,42.964882,46.63,306262.54148,306262.54148
2020-06-06,43.12152,46.8,43.526936,47.24,42.448898,46.07,43.112306,46.79,226441.44764,226441.44764
2020-06-05,43.702002,47.43,44.208772,47.98,42.771388,46.42,43.149162,46.83,400925.03604,400925.03604
2020-06-04,43.44401,47.15,44.31934,48.1,42.52261,46.15,43.702002,47.43,471692.41566,471692.41566
2020-06-03,42.393614,46.01,43.7665,47.5,41.69335,45.25,43.453224,47.16,428190.82164,428190.82164
2020-06-02,44.466764,48.26,46.033144,49.96,40.5416,44.0,42.375186,45.99,920374.03122,920374.03122
2020-06-01,42.01584,45.6,44.973534,48.81,41.794704,45.36,44.45755,48.25,599583.67722,599583.67722
2020-05-31,43.969208,47.72,44.079776,47.84,41.527498,45.07,42.025054,45.61,494076.18673,494076.18673
2020-05-30,40.993086,44.49,44.300912,48.08,40.707452,44.18,43.969208,47.72,590070.5535,590070.5535
2020-05-29,41.251078,44.77,41.730206,45.29,40.698238,44.17,40.974658,44.47,298721.59314,298721.59314
2020-05-28,40.412604,43.86,41.352432,44.88,39.75841,43.15,41.251078,44.77,291358.47336,291358.47336
2020-05-27,38.938364,42.26,40.58767,44.05,38.901508,42.22,40.40339,43.85,282807.46234,282807.46234
2020-05-26,39.610986,42.99,39.684698,43.07,38.477664,41.76,38.947578,42.27,218690.04463,218690.04463
2020-05-25,38.772512,42.08,39.915048,43.32,38.440808,41.72,39.592558,42.97,250914.52741,250914.52741
2020-05-24,40.394176,43.84,41.04837,44.55,38.735656,42.04,38.772512,42.08,360333.24872,360333.24872
2020-05-23,40.744308,44.22,41.223436,44.74,40.237538,43.67,40.40339,43.85,237539.1384,237539.1384
2020-05-22,39.362208,42.72,41.168152,44.68,39.02129,42.35,40.753522,44.23,398405.53856,398405.53856
2020-05-21,40.762736,44.24,41.112868,44.62,38.385524,41.66,39.371422,42.73,504821.89137,504821.89137
2020-05-20,42.135622,45.73,42.513396,46.14,39.776838,43.17,40.77195,44.25,546255.006,546255.006
2020-05-19,41.767062,45.33,42.20012,45.8,40.606098,44.07,42.135622,45.73,375917.65225,375917.65225
2020-05-18,40.26518,43.7,42.928026,46.59,40.209896,43.64,41.757848,45.32,694361.60251,694361.60251
2020-05-17,39.85055,43.25,40.993086,44.49,39.71234,43.1,40.274394,43.71,344498.72506,344498.72506
2020-05-16,39.371422,42.73,40.440246,43.89,39.1595,42.5,39.85055,43.25,435940.40697,435940.40697
2020-05-15,40.532386,43.99,40.670596,44.14,38.532948,41.82,39.380636,42.74,468836.21013,468836.21013
2020-05-14,39.786052,43.18,40.891732,44.38,38.892294,42.21,40.523172,43.98,507436.34974,507436.34974
2020-05-13,38.864652,42.18,40.302036,43.74,38.643516,41.94,39.786052,43.18,404524.24723,404524.24723
2020-05-12,38.228886,41.49,39.509632,42.88,38.016964,41.26,38.864652,42.18,598291.63995,598291.63995
2020-05-11,38.74487,42.05,39.52806,42.9,36.275518,39.37,38.247314,41.51,955643.70805,955643.70805
2020-05-10,43.278158,46.97,43.342656,47.04,36.30316,39.4,38.754084,42.06,1404081.17548,1404081.17548
2020-05-09,43.95078,47.7,45.24074,49.1,43.07545,46.75,43.25973,46.95,656199.9985,656199.9985
2020-05-08,43.646718,47.37,44.623402,48.43,42.697676,46.34,43.941566,47.69,631882.81036,631882.81036
2020-05-07,41.389288,44.92,44.429908,48.22,40.882518,44.37,43.646718,47.37,796061.59933,796061.59933
